{
"type": "FeatureCollection",
"name": "Johannesburg_RDSI ",
"crs": { "type": "name", "properties": { "name": "urn:ogc:def:crs:OGC:1.3:CRS84" } },
"features": [
{ "type": "Feature", "properties": { "SG_ID": "T0JR0016000000000290000600", "STAND_NO": "6/29", "AREA_SQMT": 8565.0, "TOWN_NAME_": "BLUE HILLS A.H.", "TS_ONLY_NA": "BLUE HILLS A.H.", "TS_EXT": 0, "STATUS_DES": "REGISTERED", "LAND_TYPE_": "Agricultural Holding", "PROPERTY_I": 4010751, "SHAPE_STAr": 0.0, "SHAPE_STLe": 0.0, "school_distance": 969.80691007653081, "road_distance": 51.374779485289345, "shopping_distance": 1596.8371405522234, "road_score_x": 100, "school_score_x": 80, "shopping_score_x": 60, "size_score_x": 100, "slope_x": 5.0623612, "slope_score_x": 80, "RDSI": 84.0, "Suitability": "High", "Developable": true, "road_score_y": 100, "school_score_y": 80, "shopping_score_y": 60, "size_score_y": 100, "slope_y": 5.0623612, "slope_score_y": 80, "road_score": 100, "school_score": 80, "shopping_score": 60, "size_score": 100, "slope": 5.0623612, "slope_score": 80, "Recommended_Use": "Cluster Housing" }, "geometry": { "type": "Polygon", "coordinates": [ [ [ 28.090121713516741, -25.945112374889778 ], [ 28.090051816421145, -25.945140551531555 ], [ 28.089418249939506, -25.945050487913853 ], [ 28.089783081689923, -25.943970908741665 ], [ 28.090444181884557, -25.944066764737236 ], [ 28.090465018009734, -25.944096921292537 ], [ 28.090121713516741, -25.945112374889778 ] ] ] } },
{ "type": "Feature", "properties": { "SG_ID": "T0JR0016000000000090000000", "STAND_NO": "9", "AREA_SQMT": 25696.0, "TOWN_NAME_": "BLUE HILLS A.H.", "TS_ONLY_NA": "BLUE HILLS A.H.", "TS_EXT": 0, "STATUS_DES": "REGISTERED", "LAND_TYPE_": "Agricultural Holding", "PROPERTY_I": 1227205, "SHAPE_STAr": 0.0, "SHAPE_STLe": 0.0, "school_distance": 907.68106608496862, "road_distance": 110.70930117593512, "shopping_distance": 1652.689977530139, "road_score_x": 80, "school_score_x": 80, "shopping_score_x": 60, "size_score_x": 100, "slope_x": 5.5310507, "slope_score_x": 80, "RDSI": 79.0, "Suitability": "Medium", "Developable": true, "road_score_y": 80, "school_score_y": 80, "shopping_score_y": 60, "size_score_y": 100, "slope_y": 5.5310507, "slope_score_y": 80, "road_score": 80, "school_score": 80, "shopping_score": 60, "size_score": 100, "slope": 5.5310507, "slope_score": 80, "Recommended_Use": "Cluster Housing" }, "geometry": { "type": "Polygon", "coordinates": [ [ [ 28.092489123199314, -25.936261729490802 ], [ 28.092037389304256, -25.93826296557469 ], [ 28.09086736277786, -25.93758900328179 ], [ 28.091189967650518, -25.936125631543128 ], [ 28.091193387986927, -25.936110117412483 ], [ 28.092492428839414, -25.936247066244324 ], [ 28.092489123199314, -25.936261729490802 ] ] ] } },
{ "type": "Feature", "properties": { "SG_ID": "T0JR0543032000017110000000", "STAND_NO": "1711", "AREA_SQMT": 4969.0, "TOWN_NAME_": "BLUE HILLS EXT.32", "TS_ONLY_NA": "BLUE HILLS", "TS_EXT": 32, "STATUS_DES": "REGISTERED", "LAND_TYPE_": "Erven", "PROPERTY_I": 2097312, "SHAPE_STAr": 0.0, "SHAPE_STLe": 0.0, "school_distance": 2519.047371548736, "road_distance": 30.176036965938287, "shopping_distance": 1768.8957139184188, "road_score_x": 100, "school_score_x": 30, "shopping_score_x": 60, "size_score_x": 100, "slope_x": 2.9647968, "slope_score_x": 100, "RDSI": 78.0, "Suitability": "Medium", "Developable": true, "road_score_y": 100, "school_score_y": 30, "shopping_score_y": 60, "size_score_y": 100, "slope_y": 2.9647968, "slope_score_y": 100, "road_score": 100, "school_score": 30, "shopping_score": 60, "size_score": 100, "slope": 2.9647968, "slope_score": 100, "Recommended_Use": "Individual Residential" }, "geometry": { "type": "Polygon", "coordinates": [ [ [ 28.105688687213203, -25.928962442150546 ], [ 28.105651729525373, -25.92900012879555 ], [ 28.105649754163164, -25.928998396558512 ], [ 28.105644964481534, -25.928994196384821 ], [ 28.105445590167065, -25.928819360617663 ], [ 28.105615088682118, -25.928661348841995 ], [ 28.10573861149253, -25.927995631294912 ], [ 28.105896108745586, -25.928019524895035 ], [ 28.10605360449086, -25.928043411752057 ], [ 28.106150690969837, -25.928058136845799 ], [ 28.10624221133326, -25.928072026978825 ], [ 28.106246951118493, -25.928092040711558 ], [ 28.106315906674457, -25.928383204664605 ], [ 28.106290748846064, -25.928407001740432 ], [ 28.1062410728745, -25.92845199852346 ], [ 28.105766266200618, -25.928883332875518 ], [ 28.105688687213203, -25.928962442150546 ] ] ] } },
{ "type": "Feature", "properties": { "SG_ID": "T0JR0543032000017070000000", "STAND_NO": "1707", "AREA_SQMT": 19623.0, "TOWN_NAME_": "BLUE HILLS EXT.32", "TS_ONLY_NA": "BLUE HILLS", "TS_EXT": 32, "STATUS_DES": "REGISTERED", "LAND_TYPE_": "Erven", "PROPERTY_I": 2097008, "SHAPE_STAr": 0.0, "SHAPE_STLe": 0.0, "school_distance": 2191.2249692062742, "road_distance": 13.592142003745073, "shopping_distance": 1593.0445729442852, "road_score_x": 100, "school_score_x": 30, "shopping_score_x": 60, "size_score_x": 100, "slope_x": 1.0312055, "slope_score_x": 100, "RDSI": 78.0, "Suitability": "Medium", "Developable": true, "road_score_y": 100, "school_score_y": 30, "shopping_score_y": 60, "size_score_y": 100, "slope_y": 1.0312055, "slope_score_y": 100, "road_score": 100, "school_score": 30, "shopping_score": 60, "size_score": 100, "slope": 1.0312055, "slope_score": 100, "Recommended_Use": "Cluster Housing" }, "geometry": { "type": "Polygon", "coordinates": [ [ [ 28.1040878480148, -25.930584827060773 ], [ 28.103862108133484, -25.93099374188774 ], [ 28.103555845268239, -25.930952420501427 ], [ 28.102924237492118, -25.930864834754018 ], [ 28.102937311241092, -25.930796420581867 ], [ 28.102876623503501, -25.930717859822412 ], [ 28.102260971744624, -25.930624598075919 ], [ 28.102239704269145, -25.930597609884927 ], [ 28.102237117226647, -25.930594326955561 ], [ 28.102222602373338, -25.930575875940068 ], [ 28.102352439801574, -25.929884199561972 ], [ 28.102354394852163, -25.929873784451072 ], [ 28.10237946380451, -25.929850530173958 ], [ 28.102383242548505, -25.929847024962154 ], [ 28.102424897436052, -25.92980838532814 ], [ 28.102509453443254, -25.929772038591537 ], [ 28.102782645997369, -25.929749905163167 ], [ 28.103110529155025, -25.929766348032693 ], [ 28.103442638574716, -25.929834953617867 ], [ 28.103721009108234, -25.929935951205209 ], [ 28.104023392602507, -25.930092165013654 ], [ 28.104178957314844, -25.930204005115399 ], [ 28.104184071825681, -25.930207682083147 ], [ 28.104185043955141, -25.930208380974793 ], [ 28.1040878480148, -25.930584827060773 ] ] ] } },
{ "type": "Feature", "properties": { "SG_ID": "T0JR0543084000017280000000", "STAND_NO": "1728", "AREA_SQMT": 103800.0, "TOWN_NAME_": "BLUE HILLS EXT.84", "TS_ONLY_NA": "BLUE HILLS", "TS_EXT": 84, "STATUS_DES": "REGISTERED", "LAND_TYPE_": "Erven", "PROPERTY_I": 4005835, "SHAPE_STAr": 0.0, "SHAPE_STLe": 0.0, "school_distance": 1436.3778690188685, "road_distance": 48.728082600380347, "shopping_distance": 615.03400869753432, "road_score_x": 100, "school_score_x": 60, "shopping_score_x": 80, "size_score_x": 100, "slope_x": 4.1184611, "slope_score_x": 100, "RDSI": 88.0, "Suitability": "High", "Developable": true, "road_score_y": 100, "school_score_y": 60, "shopping_score_y": 80, "size_score_y": 100, "slope_y": 4.1184611, "slope_score_y": 100, "road_score": 100, "school_score": 60, "shopping_score": 80, "size_score": 100, "slope": 4.1184611, "slope_score": 100, "Recommended_Use": "Residential Estate" }, "geometry": { "type": "Polygon", "coordinates": [ [ [ 28.107417582634167, -25.940251363171487 ], [ 28.107131045307504, -25.940443537780162 ], [ 28.10651974545922, -25.940367857052941 ], [ 28.106191082675629, -25.94029537221919 ], [ 28.103175766378303, -25.939318265555109 ], [ 28.103265018867138, -25.939033143825892 ], [ 28.103723101653955, -25.937569756674527 ], [ 28.107592816668099, -25.937967481096862 ], [ 28.10767739750354, -25.938381509381863 ], [ 28.107616071393736, -25.938770085282407 ], [ 28.107580271308848, -25.939220551847889 ], [ 28.107417582634167, -25.940251363171487 ] ] ] } },
{ "type": "Feature", "properties": { "SG_ID": "T0JR0543001000003320000000", "STAND_NO": "332", "AREA_SQMT": 1603.0, "TOWN_NAME_": "BLUE HILLS EXT.1", "TS_ONLY_NA": "BLUE HILLS", "TS_EXT": 1, "STATUS_DES": "SG_APPROVED", "LAND_TYPE_": "Erven", "PROPERTY_I": 1231217, "SHAPE_STAr": 0.0, "SHAPE_STLe": 0.0, "school_distance": 962.46317802286956, "road_distance": 31.433202819273056, "shopping_distance": 125.9631763862089, "road_score_x": 100, "school_score_x": 80, "shopping_score_x": 100, "size_score_x": 100, "slope_x": 3.4595413, "slope_score_x": 100, "RDSI": 96.0, "Suitability": "High", "Developable": true, "road_score_y": 100, "school_score_y": 80, "shopping_score_y": 100, "size_score_y": 100, "slope_y": 3.4595413, "slope_score_y": 100, "road_score": 100, "school_score": 80, "shopping_score": 100, "size_score": 100, "slope": 3.4595413, "slope_score": 100, "Recommended_Use": "Individual Residential" }, "geometry": { "type": "Polygon", "coordinates": [ [ [ 28.105521148139101, -25.943594697357405 ], [ 28.105312326252218, -25.943911615054478 ], [ 28.105108300879316, -25.943801725934605 ], [ 28.105106450828355, -25.943800731028208 ], [ 28.105018196988134, -25.943753277709138 ], [ 28.105019198629471, -25.943751756988974 ], [ 28.105120401769334, -25.943598184608838 ], [ 28.105265943355981, -25.943377279636259 ], [ 28.105425447707759, -25.94346320440054 ], [ 28.105521148139101, -25.943594697357405 ] ] ] } },
{ "type": "Feature", "properties": { "SG_ID": "T0JR0587006000013230000000", "STAND_NO": "1323", "AREA_SQMT": 10173.0, "TOWN_NAME_": "SAGEWOOD EXT.6", "TS_ONLY_NA": "SAGEWOOD", "TS_EXT": 6, "STATUS_DES": "REGISTERED", "LAND_TYPE_": "Erven", "PROPERTY_I": 2008649, "SHAPE_STAr": 0.0, "SHAPE_STLe": 0.0, "school_distance": 906.18166481457069, "road_distance": 54.563156690282227, "shopping_distance": 89.769560317015689, "road_score_x": 100, "school_score_x": 80, "shopping_score_x": 100, "size_score_x": 100, "slope_x": 4.2371864, "slope_score_x": 100, "RDSI": 96.0, "Suitability": "High", "Developable": true, "road_score_y": 100, "school_score_y": 80, "shopping_score_y": 100, "size_score_y": 100, "slope_y": 4.2371864, "slope_score_y": 100, "road_score": 100, "school_score": 80, "shopping_score": 100, "size_score": 100, "slope": 4.2371864, "slope_score": 100, "Recommended_Use": "Townhouse Development" }, "geometry": { "type": "Polygon", "coordinates": [ [ [ 28.109636535987452, -25.946247700899942 ], [ 28.109287896618248, -25.946250158958303 ], [ 28.10803258047552, -25.945682972041922 ], [ 28.108030815603925, -25.945682264018387 ], [ 28.108391068629505, -25.945553326170298 ], [ 28.108418611745986, -25.945543468188376 ], [ 28.108865360006817, -25.945383571138191 ], [ 28.108974763222538, -25.945344436396919 ], [ 28.109038410906692, -25.945321668820281 ], [ 28.109040351938813, -25.945320974192043 ], [ 28.109042261230901, -25.945320290922339 ], [ 28.109043770712081, -25.945319750731187 ], [ 28.109044789513614, -25.945319386137285 ], [ 28.109046310622205, -25.945318841784982 ], [ 28.109048722628177, -25.945317978611204 ], [ 28.109050228222401, -25.945317439798032 ], [ 28.109051108374761, -25.945317883627421 ], [ 28.109055590896155, -25.94532014400248 ], [ 28.109057201102253, -25.945320914936644 ], [ 28.109079652224349, -25.945331664076118 ], [ 28.109082633567365, -25.945333091481956 ], [ 28.109671232682146, -25.94561489879943 ], [ 28.109686947712877, -25.945622422733315 ], [ 28.109695947063113, -25.945626731378887 ], [ 28.109826119785705, -25.945689061571976 ], [ 28.109681674043284, -25.945935276347711 ], [ 28.109636535987452, -25.946247700899942 ] ] ] } },
{ "type": "Feature", "properties": { "SG_ID": "T0JR0543021000002180000000", "STAND_NO": "218", "AREA_SQMT": 4079.0, "TOWN_NAME_": "BLUE HILLS EXT.21", "TS_ONLY_NA": "BLUE HILLS", "TS_EXT": 21, "STATUS_DES": "REGISTERED", "LAND_TYPE_": "Erven", "PROPERTY_I": 1598125, "SHAPE_STAr": 0.0, "SHAPE_STLe": 0.0, "school_distance": 1029.3340608622127, "road_distance": 36.694109677932396, "shopping_distance": 149.58794146648151, "road_score_x": 100, "school_score_x": 60, "shopping_score_x": 100, "size_score_x": 100, "slope_x": 2.7720842, "slope_score_x": 100, "RDSI": 92.0, "Suitability": "High", "Developable": true, "road_score_y": 100, "school_score_y": 60, "shopping_score_y": 100, "size_score_y": 100, "slope_y": 2.7720842, "slope_score_y": 100, "road_score": 100, "school_score": 60, "shopping_score": 100, "size_score": 100, "slope": 2.7720842, "slope_score": 100, "Recommended_Use": "Individual Residential" }, "geometry": { "type": "Polygon", "coordinates": [ [ [ 28.109712064425178, -25.944399866509212 ], [ 28.109844315407564, -25.94447108116103 ], [ 28.110102306676119, -25.944421088193522 ], [ 28.110144684200076, -25.94459323468314 ], [ 28.110176704086893, -25.944723305933966 ], [ 28.11018326291677, -25.944749949192371 ], [ 28.110204923068409, -25.944837936910886 ], [ 28.110220298512118, -25.944900394855377 ], [ 28.110220865073124, -25.944902696331738 ], [ 28.110220000819623, -25.944903006057334 ], [ 28.110216063154688, -25.944904417212559 ], [ 28.110212790422345, -25.944905590073432 ], [ 28.110195520239813, -25.944911779249161 ], [ 28.109813239005661, -25.94504875614691 ], [ 28.109691516776355, -25.945092370701346 ], [ 28.109690269301055, -25.945092812448621 ], [ 28.109545199425529, -25.945144770137492 ], [ 28.109478359012847, -25.945168718059676 ], [ 28.109475609814492, -25.945167234271224 ], [ 28.109471034381638, -25.945164545767625 ], [ 28.109437657823857, -25.945146602139761 ], [ 28.109610636509359, -25.945084222813694 ], [ 28.109524811176051, -25.944907682444658 ], [ 28.109419332874182, -25.944844243507962 ], [ 28.109712064425178, -25.944399866509212 ] ] ] } },
{ "type": "Feature", "properties": { "SG_ID": "T0JR0016000000000990000000", "STAND_NO": "99", "AREA_SQMT": 26552.0, "TOWN_NAME_": "BLUE HILLS A.H.", "TS_ONLY_NA": "BLUE HILLS A.H.", "TS_EXT": 0, "STATUS_DES": "REGISTERED", "LAND_TYPE_": "Agricultural Holding", "PROPERTY_I": 1708942, "SHAPE_STAr": 0.0, "SHAPE_STLe": 0.0, "school_distance": 404.35213338669627, "road_distance": 86.705663144976157, "shopping_distance": 1253.6693870347087, "road_score_x": 100, "school_score_x": 100, "shopping_score_x": 60, "size_score_x": 100, "slope_x": 4.5144482, "slope_score_x": 100, "RDSI": 92.0, "Suitability": "High", "Developable": true, "road_score_y": 100, "school_score_y": 100, "shopping_score_y": 60, "size_score_y": 100, "slope_y": 4.5144482, "slope_score_y": 100, "road_score": 100, "school_score": 100, "shopping_score": 60, "size_score": 100, "slope": 4.5144482, "slope_score": 100, "Recommended_Use": "Residential Estate" }, "geometry": { "type": "Polygon", "coordinates": [ [ [ 28.096819777506859, -25.951191357981589 ], [ 28.095808122584518, -25.952541488145837 ], [ 28.095778588419332, -25.952524211334023 ], [ 28.094382591482191, -25.951669227960288 ], [ 28.094968670491568, -25.950950512478158 ], [ 28.095187358759393, -25.95068192536333 ], [ 28.096794305310677, -25.951174717547627 ], [ 28.096815397695025, -25.951181185972217 ], [ 28.096819777506859, -25.951191357981589 ] ] ] } },
{ "type": "Feature", "properties": { "SG_ID": "T0JR0016000000000560000000", "STAND_NO": "56", "AREA_SQMT": 25696.0, "TOWN_NAME_": "BLUE HILLS A.H.", "TS_ONLY_NA": "BLUE HILLS A.H.", "TS_EXT": 0, "STATUS_DES": "REGISTERED", "LAND_TYPE_": "Agricultural Holding", "PROPERTY_I": 1798059, "SHAPE_STAr": 0.0, "SHAPE_STLe": 0.0, "school_distance": 531.96611846328506, "road_distance": 87.668835323852122, "shopping_distance": 1250.4165721644422, "road_score_x": 100, "school_score_x": 80, "shopping_score_x": 60, "size_score_x": 100, "slope_x": 5.9139299, "slope_score_x": 80, "RDSI": 84.0, "Suitability": "High", "Developable": true, "road_score_y": 100, "school_score_y": 80, "shopping_score_y": 60, "size_score_y": 100, "slope_y": 5.9139299, "slope_score_y": 80, "road_score": 100, "school_score": 80, "shopping_score": 60, "size_score": 100, "slope": 5.9139299, "slope_score": 80, "Recommended_Use": "Residential Estate" }, "geometry": { "type": "Polygon", "coordinates": [ [ [ 28.095597097594371, -25.949143294165644 ], [ 28.095085464143196, -25.950489444967005 ], [ 28.09356731881865, -25.950047218084361 ], [ 28.094048340364687, -25.948661328876177 ], [ 28.094131166860667, -25.948687341996454 ], [ 28.094184421877184, -25.94870412081718 ], [ 28.094256372926434, -25.948726704486198 ], [ 28.095597097594371, -25.949143294165644 ] ] ] } },
{ "type": "Feature", "properties": { "SG_ID": "T0JR0016000000000840000000", "STAND_NO": "84", "AREA_SQMT": 25696.0, "TOWN_NAME_": "BLUE HILLS A.H.", "TS_ONLY_NA": "BLUE HILLS A.H.", "TS_EXT": 0, "STATUS_DES": "REGISTERED", "LAND_TYPE_": "Agricultural Holding", "PROPERTY_I": 1284778, "SHAPE_STAr": 0.0, "SHAPE_STLe": 0.0, "school_distance": 665.62587203235455, "road_distance": 63.875815959430597, "shopping_distance": 1608.5936831139595, "road_score_x": 100, "school_score_x": 80, "shopping_score_x": 60, "size_score_x": 100, "slope_x": 8.8974361, "slope_score_x": 80, "RDSI": 84.0, "Suitability": "High", "Developable": true, "road_score_y": 100, "school_score_y": 80, "shopping_score_y": 60, "size_score_y": 100, "slope_y": 8.8974361, "slope_score_y": 80, "road_score": 100, "school_score": 80, "shopping_score": 60, "size_score": 100, "slope": 8.8974361, "slope_score": 80, "Recommended_Use": "Residential Estate" }, "geometry": { "type": "Polygon", "coordinates": [ [ [ 28.091557860351177, -25.950853800575445 ], [ 28.091555247367349, -25.950858163658808 ], [ 28.091552678636095, -25.950856884778986 ], [ 28.089641197651527, -25.949905206421917 ], [ 28.089645130335136, -25.949898770732808 ], [ 28.090092212712246, -25.949167255280127 ], [ 28.090163222599873, -25.949158261332045 ], [ 28.092203235833448, -25.94977630958536 ], [ 28.091559118514215, -25.950851699831645 ], [ 28.091557860351177, -25.950853800575445 ] ] ] } },
{ "type": "Feature", "properties": { "SG_ID": "T0JR0016000000000100000000", "STAND_NO": "10", "AREA_SQMT": 30187.0, "TOWN_NAME_": "BLUE HILLS A.H.", "TS_ONLY_NA": "BLUE HILLS A.H.", "TS_EXT": 0, "STATUS_DES": "REGISTERED", "LAND_TYPE_": "Agricultural Holding", "PROPERTY_I": 1654413, "SHAPE_STAr": 0.0, "SHAPE_STLe": 0.0, "school_distance": 732.3127639094912, "road_distance": 58.039715391559263, "shopping_distance": 1839.1668756969027, "road_score_x": 100, "school_score_x": 80, "shopping_score_x": 60, "size_score_x": 100, "slope_x": 2.1214538, "slope_score_x": 100, "RDSI": 88.0, "Suitability": "High", "Developable": true, "road_score_y": 100, "school_score_y": 80, "shopping_score_y": 60, "size_score_y": 100, "slope_y": 2.1214538, "slope_score_y": 100, "road_score": 100, "school_score": 80, "shopping_score": 60, "size_score": 100, "slope": 2.1214538, "slope_score": 100, "Recommended_Use": "Residential Estate" }, "geometry": { "type": "Polygon", "coordinates": [ [ [ 28.091189967650518, -25.936125631543128 ], [ 28.09086736277786, -25.93758900328179 ], [ 28.087687471582402, -25.93575865335789 ], [ 28.087648286154707, -25.935736097084597 ], [ 28.088894194741854, -25.935867244081152 ], [ 28.089510334620194, -25.935932095794023 ], [ 28.089923460331384, -25.935975886818085 ], [ 28.090727373378289, -25.93606109901798 ], [ 28.091193387986927, -25.936110117412483 ], [ 28.091189967650518, -25.936125631543128 ] ] ] } },
{ "type": "Feature", "properties": { "SG_ID": "T0JR0543085000017200000000", "STAND_NO": "1720", "AREA_SQMT": 34885.0, "TOWN_NAME_": "BLUE HILLS EXT.85", "TS_ONLY_NA": "BLUE HILLS", "TS_EXT": 85, "STATUS_DES": "REGISTERED", "LAND_TYPE_": "Erven", "PROPERTY_I": 4028252, "SHAPE_STAr": 0.0, "SHAPE_STLe": 0.0, "school_distance": 1724.5900132843433, "road_distance": 103.25594763793545, "shopping_distance": 1650.4423758621724, "road_score_x": 80, "school_score_x": 30, "shopping_score_x": 60, "size_score_x": 100, "slope_x": 2.2604139, "slope_score_x": 100, "RDSI": 73.0, "Suitability": "Medium", "Developable": true, "road_score_y": 80, "school_score_y": 30, "shopping_score_y": 60, "size_score_y": 100, "slope_y": 2.2604139, "slope_score_y": 100, "road_score": 80, "school_score": 30, "shopping_score": 60, "size_score": 100, "slope": 2.2604139, "slope_score": 100, "Recommended_Use": "Cluster Housing" }, "geometry": { "type": "Polygon", "coordinates": [ [ [ 28.097827671011029, -25.930421846334717 ], [ 28.098264221789286, -25.930483215235984 ], [ 28.098523714410415, -25.930482279572249 ], [ 28.099560502605655, -25.93063409741174 ], [ 28.099676137593946, -25.93063481598136 ], [ 28.099757153019482, -25.9307373341159 ], [ 28.099678037733678, -25.931127048937526 ], [ 28.099672048108374, -25.931172918353109 ], [ 28.0995530300717, -25.931246139431178 ], [ 28.099526328472272, -25.931419398540072 ], [ 28.099632553314436, -25.931545026729268 ], [ 28.099705590105035, -25.931547074319717 ], [ 28.099590125183681, -25.932167625843768 ], [ 28.097402450384052, -25.931837171990765 ], [ 28.097600490306458, -25.930799880250799 ], [ 28.097827671011029, -25.930421846334717 ] ] ] } },
{ "type": "Feature", "properties": { "SG_ID": "T0JR0543024000006870000000", "STAND_NO": "687", "AREA_SQMT": 1879.0, "TOWN_NAME_": "BLUE HILLS EXT.24", "TS_ONLY_NA": "BLUE HILLS", "TS_EXT": 24, "STATUS_DES": "REGISTERED", "LAND_TYPE_": "Erven", "PROPERTY_I": 2038854, "SHAPE_STAr": 0.0, "SHAPE_STLe": 0.0, "school_distance": 1298.5911003979852, "road_distance": 24.139773523030421, "shopping_distance": 373.3924306764178, "road_score_x": 100, "school_score_x": 60, "shopping_score_x": 100, "size_score_x": 100, "slope_x": 1.0313003, "slope_score_x": 100, "RDSI": 92.0, "Suitability": "High", "Developable": true, "road_score_y": 100, "school_score_y": 60, "shopping_score_y": 100, "size_score_y": 100, "slope_y": 1.0313003, "slope_score_y": 100, "road_score": 100, "school_score": 60, "shopping_score": 100, "size_score": 100, "slope": 1.0313003, "slope_score": 100, "Recommended_Use": "Individual Residential" }, "geometry": { "type": "Polygon", "coordinates": [ [ [ 28.107315911189698, -25.940828913891714 ], [ 28.107122153823653, -25.941119659240961 ], [ 28.106961600803281, -25.941361710822612 ], [ 28.106747298773943, -25.941292328690185 ], [ 28.106889828386951, -25.940932725354781 ], [ 28.106925078515211, -25.940944176728767 ], [ 28.107004608029861, -25.940743575557995 ], [ 28.107004986982723, -25.940742655268185 ], [ 28.107163180175679, -25.940786538663584 ], [ 28.107315145341932, -25.940828701407689 ], [ 28.107315911189698, -25.940828913891714 ] ] ] } },
{ "type": "Feature", "properties": { "SG_ID": "T0JR0543081000017310000000", "STAND_NO": "1731", "AREA_SQMT": 2161.0, "TOWN_NAME_": "BLUE HILLS EXT.81", "TS_ONLY_NA": "BLUE HILLS", "TS_EXT": 81, "STATUS_DES": "SG_APPROVED", "LAND_TYPE_": "Erven", "PROPERTY_I": 4029490, "SHAPE_STAr": 0.0, "SHAPE_STLe": 0.0, "school_distance": 671.86338164492702, "road_distance": 29.21904018355691, "shopping_distance": 838.1165433599748, "road_score_x": 100, "school_score_x": 80, "shopping_score_x": 80, "size_score_x": 100, "slope_x": 5.6414247, "slope_score_x": 80, "RDSI": 88.0, "Suitability": "High", "Developable": true, "road_score_y": 100, "school_score_y": 80, "shopping_score_y": 80, "size_score_y": 100, "slope_y": 5.6414247, "slope_score_y": 80, "road_score": 100, "school_score": 80, "shopping_score": 80, "size_score": 100, "slope": 5.6414247, "slope_score": 80, "Recommended_Use": "Individual Residential" }, "geometry": { "type": "Polygon", "coordinates": [ [ [ 28.097690393670494, -25.945268366823228 ], [ 28.097461235371519, -25.945314545555114 ], [ 28.097379957234747, -25.945192237250446 ], [ 28.097283282976115, -25.944799966749255 ], [ 28.09766174028001, -25.944723721973698 ], [ 28.097701008139975, -25.944882997044054 ], [ 28.097749125144631, -25.944896899749232 ], [ 28.097746011724613, -25.944965887849264 ], [ 28.097749465062385, -25.944979894885659 ], [ 28.097699775266708, -25.94498990819536 ], [ 28.097745580669997, -25.945175699729923 ], [ 28.097671237512209, -25.945190667363544 ], [ 28.097690393670494, -25.945268366823228 ] ] ] } },
{ "type": "Feature", "properties": { "SG_ID": "T0JR0016000000000720000000", "STAND_NO": "72", "AREA_SQMT": 25696.0, "TOWN_NAME_": "BLUE HILLS A.H.", "TS_ONLY_NA": "BLUE HILLS A.H.", "TS_EXT": 0, "STATUS_DES": "REGISTERED", "LAND_TYPE_": "Agricultural Holding", "PROPERTY_I": 1589879, "SHAPE_STAr": 0.0, "SHAPE_STLe": 0.0, "school_distance": 547.72726354991767, "road_distance": 79.687710826806892, "shopping_distance": 1779.7471913355519, "road_score_x": 100, "school_score_x": 80, "shopping_score_x": 60, "size_score_x": 100, "slope_x": 3.6030834, "slope_score_x": 100, "RDSI": 88.0, "Suitability": "High", "Developable": true, "road_score_y": 100, "school_score_y": 80, "shopping_score_y": 60, "size_score_y": 100, "slope_y": 3.6030834, "slope_score_y": 100, "road_score": 100, "school_score": 80, "shopping_score": 60, "size_score": 100, "slope": 3.6030834, "slope_score": 100, "Recommended_Use": "Residential Estate" }, "geometry": { "type": "Polygon", "coordinates": [ [ [ 28.089208179503544, -25.949654216149831 ], [ 28.089109185142075, -25.949662214033751 ], [ 28.088466164560479, -25.949329229316177 ], [ 28.087657137728755, -25.949170271107736 ], [ 28.088145170542383, -25.947759326455408 ], [ 28.089863211085834, -25.948594288745518 ], [ 28.089208179503544, -25.949654216149831 ] ] ] } },
{ "type": "Feature", "properties": { "SG_ID": "T0JR0543080000017410000000", "STAND_NO": "1741", "AREA_SQMT": 1707.0, "TOWN_NAME_": "BLUE HILLS EXT.80", "TS_ONLY_NA": "BLUE HILLS", "TS_EXT": 80, "STATUS_DES": "REGISTERED", "LAND_TYPE_": "Erven", "PROPERTY_I": 4025629, "SHAPE_STAr": 0.0, "SHAPE_STLe": 0.0, "school_distance": 11.786431686170435, "road_distance": 120.63910992895757, "shopping_distance": 2563.0980167333623, "road_score_x": 80, "school_score_x": 100, "shopping_score_x": 30, "size_score_x": 100, "slope_x": 7.5435171, "slope_score_x": 80, "RDSI": 77.0, "Suitability": "Medium", "Developable": true, "road_score_y": 80, "school_score_y": 100, "shopping_score_y": 30, "size_score_y": 100, "slope_y": 7.5435171, "slope_score_y": 80, "road_score": 80, "school_score": 100, "shopping_score": 30, "size_score": 100, "slope": 7.5435171, "slope_score": 80, "Recommended_Use": "Individual Residential" }, "geometry": { "type": "Polygon", "coordinates": [ [ [ 28.081922014862702, -25.951842075955618 ], [ 28.081712981707216, -25.952440642094071 ], [ 28.081569289918729, -25.952347330424999 ], [ 28.081456729341898, -25.952150195008262 ], [ 28.081461177665762, -25.951984169985305 ], [ 28.081635029076217, -25.951929349987974 ], [ 28.081922014862702, -25.951842075955618 ] ] ] } },
{ "type": "Feature", "properties": { "SG_ID": "T0JR0543080000017420000000", "STAND_NO": "1742", "AREA_SQMT": 13485.0, "TOWN_NAME_": "BLUE HILLS EXT.80", "TS_ONLY_NA": "BLUE HILLS", "TS_EXT": 80, "STATUS_DES": "REGISTERED", "LAND_TYPE_": "Erven", "PROPERTY_I": 4025636, "SHAPE_STAr": 0.0, "SHAPE_STLe": 0.0, "school_distance": 0.0, "road_distance": 145.78068971484529, "shopping_distance": 2426.3318769340804, "road_score_x": 80, "school_score_x": 100, "shopping_score_x": 30, "size_score_x": 100, "slope_x": 6.2334261, "slope_score_x": 80, "RDSI": 77.0, "Suitability": "Medium", "Developable": true, "road_score_y": 80, "school_score_y": 100, "shopping_score_y": 30, "size_score_y": 100, "slope_y": 6.2334261, "slope_score_y": 80, "road_score": 80, "school_score": 100, "shopping_score": 30, "size_score": 100, "slope": 6.2334261, "slope_score": 80, "Recommended_Use": "Cluster Housing" }, "geometry": { "type": "Polygon", "coordinates": [ [ [ 28.083940342781954, -25.951142354071056 ], [ 28.084258089158443, -25.951457392140643 ], [ 28.084496063444387, -25.951883200302628 ], [ 28.084536479226497, -25.952020657984768 ], [ 28.08449960301936, -25.952026992872483 ], [ 28.084331185438334, -25.952034315048046 ], [ 28.084167973795935, -25.951995689299533 ], [ 28.084097948256769, -25.951950318244567 ], [ 28.084058350409403, -25.951892764859831 ], [ 28.084017650521968, -25.951697374862601 ], [ 28.084024847494991, -25.951495856834811 ], [ 28.083950038076228, -25.951430384195945 ], [ 28.083888007299905, -25.951425220299011 ], [ 28.082900730621205, -25.951729367497794 ], [ 28.08284929347009, -25.951771463836142 ], [ 28.082802512935544, -25.951822921442346 ], [ 28.082769548331829, -25.951889380713848 ], [ 28.082782801005251, -25.952020970602391 ], [ 28.082785956866058, -25.952091673373491 ], [ 28.08278420914051, -25.952111886698358 ], [ 28.082776768603093, -25.952197940693459 ], [ 28.082759879268465, -25.95225495832883 ], [ 28.08274315395338, -25.952291368058695 ], [ 28.082734493556931, -25.952310221081699 ], [ 28.082712612046713, -25.95233428536217 ], [ 28.082684157035764, -25.9523655788506 ], [ 28.082658737597662, -25.952384926607831 ], [ 28.082600227104955, -25.952429461292748 ], [ 28.082543083809789, -25.952456875245282 ], [ 28.08241963614179, -25.952504146011499 ], [ 28.082323899259769, -25.952520995595155 ], [ 28.082215263205452, -25.952532768874349 ], [ 28.082016019670391, -25.952524597946301 ], [ 28.081856011906222, -25.952478568337373 ], [ 28.082088634718566, -25.95177770883414 ], [ 28.083843183892757, -25.951167518314453 ], [ 28.083940342781954, -25.951142354071056 ] ] ] } },
{ "type": "Feature", "properties": { "SG_ID": "T0JR0016000000000290000700", "STAND_NO": "7/29", "AREA_SQMT": 9078.0, "TOWN_NAME_": "BLUE HILLS A.H.", "TS_ONLY_NA": "BLUE HILLS A.H.", "TS_EXT": 0, "STATUS_DES": "REGISTERED", "LAND_TYPE_": "Agricultural Holding", "PROPERTY_I": 4010753, "SHAPE_STAr": 0.0, "SHAPE_STLe": 0.0, "school_distance": 1051.3371658162935, "road_distance": 64.221879716619327, "shopping_distance": 1565.7127623719441, "road_score_x": 100, "school_score_x": 60, "shopping_score_x": 60, "size_score_x": 100, "slope_x": 3.0912905, "slope_score_x": 100, "RDSI": 84.0, "Suitability": "High", "Developable": true, "road_score_y": 100, "school_score_y": 60, "shopping_score_y": 60, "size_score_y": 100, "slope_y": 3.0912905, "slope_score_y": 100, "road_score": 100, "school_score": 60, "shopping_score": 60, "size_score": 100, "slope": 3.0912905, "slope_score": 100, "Recommended_Use": "Cluster Housing" }, "geometry": { "type": "Polygon", "coordinates": [ [ [ 28.090513550303847, -25.944076820743867 ], [ 28.090128620152203, -25.945151469196347 ], [ 28.090051816421145, -25.945140551531555 ], [ 28.090121713516741, -25.945112374889778 ], [ 28.090465018009734, -25.944096921292537 ], [ 28.090444181884557, -25.944066764737236 ], [ 28.089783081689923, -25.943970908741665 ], [ 28.090158716873933, -25.942856934378582 ], [ 28.090786208374279, -25.943017565718289 ], [ 28.090513550303847, -25.944076820743867 ] ] ] } },
{ "type": "Feature", "properties": { "SG_ID": "T0JR00160000000003400000RE", "STAND_NO": "RE/34", "AREA_SQMT": 16774.0, "TOWN_NAME_": "BLUE HILLS A.H.", "TS_ONLY_NA": "BLUE HILLS A.H.", "TS_EXT": 0, "STATUS_DES": "REGISTERED", "LAND_TYPE_": "Agricultural Holding", "PROPERTY_I": 1701960, "SHAPE_STAr": 0.0, "SHAPE_STLe": 0.0, "school_distance": 1121.4028209934952, "road_distance": 66.171034226270663, "shopping_distance": 1359.9841912679346, "road_score_x": 100, "school_score_x": 60, "shopping_score_x": 60, "size_score_x": 100, "slope_x": 4.5140867, "slope_score_x": 100, "RDSI": 84.0, "Suitability": "High", "Developable": true, "road_score_y": 100, "school_score_y": 60, "shopping_score_y": 60, "size_score_y": 100, "slope_y": 4.5140867, "slope_score_y": 100, "road_score": 100, "school_score": 60, "shopping_score": 60, "size_score": 100, "slope": 4.5140867, "slope_score": 100, "Recommended_Use": "Townhouse Development" }, "geometry": { "type": "Polygon", "coordinates": [ [ [ 28.093818634922883, -25.939619027197004 ], [ 28.094183696677259, -25.940913496619874 ], [ 28.092464381837054, -25.94004086303703 ], [ 28.092906432651802, -25.939093884357732 ], [ 28.093757765809041, -25.939583985964941 ], [ 28.093818634922883, -25.939619027197004 ] ] ] } },
{ "type": "Feature", "properties": { "SG_ID": "T0JR0543117000018070000000", "STAND_NO": "1807", "AREA_SQMT": 7481.0, "TOWN_NAME_": "BLUE HILLS EXT.117", "TS_ONLY_NA": "BLUE HILLS", "TS_EXT": 117, "STATUS_DES": "SG_APPROVED", "LAND_TYPE_": "Erven", "PROPERTY_I": 4037525, "SHAPE_STAr": 0.0, "SHAPE_STLe": 0.0, "school_distance": 1123.8769301278503, "road_distance": 50.668445560762258, "shopping_distance": 998.44352201128538, "road_score_x": 100, "school_score_x": 60, "shopping_score_x": 80, "size_score_x": 100, "slope_x": 2.7802885, "slope_score_x": 100, "RDSI": 88.0, "Suitability": "High", "Developable": true, "road_score_y": 100, "school_score_y": 60, "shopping_score_y": 80, "size_score_y": 100, "slope_y": 2.7802885, "slope_score_y": 100, "road_score": 100, "school_score": 60, "shopping_score": 80, "size_score": 100, "slope": 2.7802885, "slope_score": 100, "Recommended_Use": "Cluster Housing" }, "geometry": { "type": "Polygon", "coordinates": [ [ [ 28.097242775498589, -25.940653397769832 ], [ 28.097358698413721, -25.941119565295978 ], [ 28.0973765274945, -25.941115966113372 ], [ 28.097380875530817, -25.941133583458761 ], [ 28.097363047422288, -25.941137182148712 ], [ 28.097375705152363, -25.941188540131179 ], [ 28.097380787805644, -25.941209174906326 ], [ 28.096559565287716, -25.94137311233489 ], [ 28.096544061701739, -25.941385617895378 ], [ 28.09651523716775, -25.941245384046692 ], [ 28.096392351959064, -25.941224062791118 ], [ 28.096245197622771, -25.940634519617578 ], [ 28.096323662347761, -25.940554561069259 ], [ 28.097242775498589, -25.940653397769832 ] ] ] } },
{ "type": "Feature", "properties": { "SG_ID": "T0JR0543084000017290000000", "STAND_NO": "1729", "AREA_SQMT": 39296.0, "TOWN_NAME_": "BLUE HILLS EXT.84", "TS_ONLY_NA": "BLUE HILLS", "TS_EXT": 84, "STATUS_DES": "REGISTERED", "LAND_TYPE_": "Erven", "PROPERTY_I": 4005836, "SHAPE_STAr": 0.0, "SHAPE_STLe": 0.0, "school_distance": 1486.5054717432006, "road_distance": 115.4442751428836, "shopping_distance": 533.62525564969837, "road_score_x": 80, "school_score_x": 60, "shopping_score_x": 80, "size_score_x": 100, "slope_x": 2.9648321, "slope_score_x": 100, "RDSI": 83.0, "Suitability": "High", "Developable": true, "road_score_y": 80, "school_score_y": 60, "shopping_score_y": 80, "size_score_y": 100, "slope_y": 2.9648321, "slope_score_y": 100, "road_score": 80, "school_score": 60, "shopping_score": 80, "size_score": 100, "slope": 2.9648321, "slope_score": 100, "Recommended_Use": "Residential Estate" }, "geometry": { "type": "Polygon", "coordinates": [ [ [ 28.108604922001923, -25.938071526750761 ], [ 28.109388543882439, -25.941396028270351 ], [ 28.107562021802067, -25.940895165510213 ], [ 28.107759372306507, -25.940730656166554 ], [ 28.107797843365088, -25.940502060908511 ], [ 28.107657270179814, -25.940329346777382 ], [ 28.107833566660926, -25.939212327922068 ], [ 28.107938849938385, -25.938769097208475 ], [ 28.107994803214257, -25.938414567294945 ], [ 28.108205619726984, -25.938030473764844 ], [ 28.108604922001923, -25.938071526750761 ] ] ] } },
{ "type": "Feature", "properties": { "SG_ID": "T0JR0543117000018080000000", "STAND_NO": "1808", "AREA_SQMT": 1882.0, "TOWN_NAME_": "BLUE HILLS EXT.117", "TS_ONLY_NA": "BLUE HILLS", "TS_EXT": 117, "STATUS_DES": "SG_APPROVED", "LAND_TYPE_": "Erven", "PROPERTY_I": 4037526, "SHAPE_STAr": 0.0, "SHAPE_STLe": 0.0, "school_distance": 1109.4347104537219, "road_distance": 39.687346728434662, "shopping_distance": 937.29572961419854, "road_score_x": 100, "school_score_x": 60, "shopping_score_x": 80, "size_score_x": 100, "slope_x": 4.1540098, "slope_score_x": 100, "RDSI": 88.0, "Suitability": "High", "Developable": true, "road_score_y": 100, "school_score_y": 60, "shopping_score_y": 80, "size_score_y": 100, "slope_y": 4.1540098, "slope_score_y": 100, "road_score": 100, "school_score": 60, "shopping_score": 80, "size_score": 100, "slope": 4.1540098, "slope_score": 100, "Recommended_Use": "Individual Residential" }, "geometry": { "type": "Polygon", "coordinates": [ [ [ 28.097617915117205, -25.940754526265771 ], [ 28.097720617279361, -25.941141334576777 ], [ 28.09738078780574, -25.941209174906263 ], [ 28.097375705152363, -25.941188540131179 ], [ 28.097363047422288, -25.941137182148712 ], [ 28.097380875530817, -25.941133583458761 ], [ 28.0973765274945, -25.941115966113372 ], [ 28.097358698413721, -25.941119565295978 ], [ 28.097242775498589, -25.940653397769832 ], [ 28.097399331074339, -25.940670232355274 ], [ 28.097617915117205, -25.940754526265771 ] ] ] } },
{ "type": "Feature", "properties": { "SG_ID": "T0JR0587006000016560000000", "STAND_NO": "1656", "AREA_SQMT": 6657.0, "TOWN_NAME_": "SAGEWOOD EXT.6", "TS_ONLY_NA": "SAGEWOOD", "TS_EXT": 6, "STATUS_DES": "REGISTERED", "LAND_TYPE_": "Erven", "PROPERTY_I": 2008650, "SHAPE_STAr": 0.0, "SHAPE_STLe": 0.0, "school_distance": 874.68599398605124, "road_distance": 41.393709153759339, "shopping_distance": 45.352493337563871, "road_score_x": 100, "school_score_x": 80, "shopping_score_x": 100, "size_score_x": 100, "slope_x": 1.3868628, "slope_score_x": 100, "RDSI": 96.0, "Suitability": "High", "Developable": true, "road_score_y": 100, "school_score_y": 80, "shopping_score_y": 100, "size_score_y": 100, "slope_y": 1.3868628, "slope_score_y": 100, "road_score": 100, "school_score": 80, "shopping_score": 100, "size_score": 100, "slope": 1.3868628, "slope_score": 100, "Recommended_Use": "Cluster Housing" }, "geometry": { "type": "Polygon", "coordinates": [ [ [ 28.10803258047552, -25.945682972041922 ], [ 28.109287896618248, -25.946250158958303 ], [ 28.106859489055058, -25.946104277677595 ], [ 28.106853260844826, -25.946103903478654 ], [ 28.108030815603925, -25.945682264018387 ], [ 28.10803258047552, -25.945682972041922 ] ] ] } },
{ "type": "Feature", "properties": { "SG_ID": "T0JR0587004000006520000000", "STAND_NO": "652", "AREA_SQMT": 6985.0, "TOWN_NAME_": "SAGEWOOD EXT.4", "TS_ONLY_NA": "SAGEWOOD", "TS_EXT": 4, "STATUS_DES": "SG_APPROVED", "LAND_TYPE_": "Erven", "PROPERTY_I": 2037502, "SHAPE_STAr": 0.0, "SHAPE_STLe": 0.0, "school_distance": 190.3108551283816, "road_distance": 189.69265170159275, "shopping_distance": 1012.1839306120986, "road_score_x": 80, "school_score_x": 100, "shopping_score_x": 60, "size_score_x": 100, "slope_x": 1.3869189, "slope_score_x": 100, "RDSI": 87.0, "Suitability": "High", "Developable": true, "road_score_y": 80, "school_score_y": 100, "shopping_score_y": 60, "size_score_y": 100, "slope_y": 1.3869189, "slope_score_y": 100, "road_score": 80, "school_score": 100, "shopping_score": 60, "size_score": 100, "slope": 1.3869189, "slope_score": 100, "Recommended_Use": "Cluster Housing" }, "geometry": { "type": "Polygon", "coordinates": [ [ [ 28.104522524217352, -25.954774278426687 ], [ 28.103990006169173, -25.954770984174907 ], [ 28.10407490990892, -25.954608869384494 ], [ 28.104075358266066, -25.954608012817726 ], [ 28.104522524217352, -25.954774278426687 ] ] ] } },
{ "type": "Feature", "properties": { "SG_ID": "T0JR05820100000000000000RE", "STAND_NO": "RE/T0JR0582010", "AREA_SQMT": 7317.0, "TOWN_NAME_": "SUMMERSET EXT.10", "TS_ONLY_NA": "SUMMERSET", "TS_EXT": 10, "STATUS_DES": "REGISTERED", "LAND_TYPE_": "Erven", "PROPERTY_I": 2033522, "SHAPE_STAr": 0.0, "SHAPE_STLe": 0.0, "school_distance": 41.846132100240865, "road_distance": 6.6435286209235462, "shopping_distance": 1098.4543548607649, "road_score_x": 100, "school_score_x": 100, "shopping_score_x": 60, "size_score_x": 100, "slope_x": 5.4644399, "slope_score_x": 80, "RDSI": 88.0, "Suitability": "High", "Developable": true, "road_score_y": 100, "school_score_y": 100, "shopping_score_y": 60, "size_score_y": 100, "slope_y": 5.4644399, "slope_score_y": 80, "road_score": 100, "school_score": 100, "shopping_score": 60, "size_score": 100, "slope": 5.4644399, "slope_score": 80, "Recommended_Use": "Cluster Housing" }, "geometry": { "type": "MultiPolygon", "coordinates": [ [ [ [ 28.099807403094253, -25.954745041743976 ], [ 28.099585268449353, -25.954743660583869 ], [ 28.099530840403791, -25.954494194560223 ], [ 28.099522428818005, -25.954455577033006 ], [ 28.099550243157033, -25.954450632051113 ], [ 28.099860740009429, -25.954395667370882 ], [ 28.099807403094253, -25.954745041743976 ] ] ], [ [ [ 28.099913415120902, -25.954387946463473 ], [ 28.099869812595085, -25.95439382238774 ], [ 28.101984628758526, -25.954017752177549 ], [ 28.102441456277237, -25.953936618352699 ], [ 28.102444325214183, -25.953936102062013 ], [ 28.10245862528652, -25.953952992067602 ], [ 28.102526212780074, -25.954032317017859 ], [ 28.102528700987904, -25.954035230948332 ], [ 28.102506194668784, -25.954038195699322 ], [ 28.10120568680923, -25.954213608797069 ], [ 28.100689307928178, -25.954283383953879 ], [ 28.099913415120902, -25.954387946463473 ] ] ] ] } },
{ "type": "Feature", "properties": { "SG_ID": "T0JR0587023000016600000000", "STAND_NO": "1660", "AREA_SQMT": 34654.0, "TOWN_NAME_": "SAGEWOOD EXT.23", "TS_ONLY_NA": "SAGEWOOD", "TS_EXT": 23, "STATUS_DES": "REGISTERED", "LAND_TYPE_": "Erven", "PROPERTY_I": 4026863, "SHAPE_STAr": 0.0, "SHAPE_STLe": 0.0, "school_distance": 333.11594708887935, "road_distance": 69.406861388154425, "shopping_distance": 649.51188995388361, "road_score_x": 100, "school_score_x": 100, "shopping_score_x": 80, "size_score_x": 100, "slope_x": 3.2270944, "slope_score_x": 100, "RDSI": 96.0, "Suitability": "High", "Developable": true, "road_score_y": 100, "school_score_y": 100, "shopping_score_y": 80, "size_score_y": 100, "slope_y": 3.2270944, "slope_score_y": 100, "road_score": 100, "school_score": 100, "shopping_score": 80, "size_score": 100, "slope": 3.2270944, "slope_score": 100, "Recommended_Use": "Residential Estate" }, "geometry": { "type": "Polygon", "coordinates": [ [ [ 28.105361671001539, -25.952088444520133 ], [ 28.103866568380226, -25.952815324815425 ], [ 28.103959527984152, -25.950290850508264 ], [ 28.104433432299732, -25.950300375663112 ], [ 28.105061420960151, -25.950342650942883 ], [ 28.105426948669884, -25.950399459413855 ], [ 28.105361671001539, -25.952088444520133 ] ] ] } },
{ "type": "Feature", "properties": { "SG_ID": "T0JR0582035000011570000000", "STAND_NO": "1157", "AREA_SQMT": 8646.0, "TOWN_NAME_": "SUMMERSET EXT.35", "TS_ONLY_NA": "SUMMERSET", "TS_EXT": 35, "STATUS_DES": "SG_APPROVED", "LAND_TYPE_": "Erven", "PROPERTY_I": 2076678, "SHAPE_STAr": 0.0, "SHAPE_STLe": 0.0, "school_distance": 98.910248028948075, "road_distance": 28.753164729025951, "shopping_distance": 911.22415033412824, "road_score_x": 100, "school_score_x": 100, "shopping_score_x": 80, "size_score_x": 100, "slope_x": 4.1541934, "slope_score_x": 100, "RDSI": 96.0, "Suitability": "High", "Developable": true, "road_score_y": 100, "school_score_y": 100, "shopping_score_y": 80, "size_score_y": 100, "slope_y": 4.1541934, "slope_score_y": 100, "road_score": 100, "school_score": 100, "shopping_score": 80, "size_score": 100, "slope": 4.1541934, "slope_score": 100, "Recommended_Use": "Cluster Housing" }, "geometry": { "type": "Polygon", "coordinates": [ [ [ 28.098979545423276, -25.951734719232714 ], [ 28.098952000410783, -25.951847773192764 ], [ 28.098780052434748, -25.951061493334347 ], [ 28.098777709407539, -25.951050779123669 ], [ 28.098413267965405, -25.949384235691348 ], [ 28.098494424683782, -25.949304400439097 ], [ 28.098497117715247, -25.949301747045055 ], [ 28.098626044610832, -25.949452530527601 ], [ 28.099143585230951, -25.950059558397317 ], [ 28.099142784275696, -25.950064150647005 ], [ 28.099139138062647, -25.950085056081331 ], [ 28.099058275639717, -25.950815716860543 ], [ 28.099051765193142, -25.950876353506608 ], [ 28.098979545423276, -25.951734719232714 ] ] ] } },
{ "type": "Feature", "properties": { "SG_ID": "T0JR0016000000000980000000", "STAND_NO": "98", "AREA_SQMT": 8565.0, "TOWN_NAME_": "BLUE HILLS A.H.", "TS_ONLY_NA": "BLUE HILLS A.H.", "TS_EXT": 0, "STATUS_DES": "REGISTERED", "LAND_TYPE_": "Agricultural Holding", "PROPERTY_I": 1472792, "SHAPE_STAr": 0.0, "SHAPE_STLe": 0.0, "school_distance": 518.73796023533464, "road_distance": 40.574815878253304, "shopping_distance": 1322.9939935963389, "road_score_x": 100, "school_score_x": 80, "shopping_score_x": 60, "size_score_x": 100, "slope_x": 1.8543341, "slope_score_x": 100, "RDSI": 88.0, "Suitability": "High", "Developable": true, "road_score_y": 100, "school_score_y": 80, "shopping_score_y": 60, "size_score_y": 100, "slope_y": 1.8543341, "slope_score_y": 100, "road_score": 100, "school_score": 80, "shopping_score": 60, "size_score": 100, "slope": 1.8543341, "slope_score": 100, "Recommended_Use": "Cluster Housing" }, "geometry": { "type": "Polygon", "coordinates": [ [ [ 28.094968670491568, -25.950950512478183 ], [ 28.094382591482191, -25.951669227960334 ], [ 28.094356315447797, -25.951653147603292 ], [ 28.093836298398301, -25.951335148114943 ], [ 28.094473333504837, -25.950496209164498 ], [ 28.094554338698803, -25.950488213669843 ], [ 28.09513934114592, -25.950667223551314 ], [ 28.095187358759393, -25.950681925363362 ], [ 28.094968670491568, -25.950950512478183 ] ] ] } },
{ "type": "Feature", "properties": { "SG_ID": "T0JR0016000000000170000100", "STAND_NO": "1/17", "AREA_SQMT": 8565.0, "TOWN_NAME_": "BLUE HILLS A.H.", "TS_ONLY_NA": "BLUE HILLS A.H.", "TS_EXT": 0, "STATUS_DES": "REGISTERED", "LAND_TYPE_": "Agricultural Holding", "PROPERTY_I": 1886930, "SHAPE_STAr": 0.0, "SHAPE_STLe": 0.0, "school_distance": 826.20838615351113, "road_distance": 72.005348218124738, "shopping_distance": 1961.3996355821619, "road_score_x": 100, "school_score_x": 80, "shopping_score_x": 60, "size_score_x": 100, "slope_x": 3.6029713, "slope_score_x": 100, "RDSI": 88.0, "Suitability": "High", "Developable": true, "road_score_y": 100, "school_score_y": 80, "shopping_score_y": 60, "size_score_y": 100, "slope_y": 3.6029713, "slope_score_y": 100, "road_score": 100, "school_score": 80, "shopping_score": 60, "size_score": 100, "slope": 3.6029713, "slope_score": 100, "Recommended_Use": "Cluster Housing" }, "geometry": { "type": "Polygon", "coordinates": [ [ [ 28.086823435195871, -25.943579925859485 ], [ 28.086480159839741, -25.944633510404337 ], [ 28.085804975711884, -25.944537406145532 ], [ 28.086174721940349, -25.94340656611547 ], [ 28.086175387804388, -25.94340451235259 ], [ 28.086205823752231, -25.943412489117101 ], [ 28.086207005321302, -25.94341279830871 ], [ 28.086824890411641, -25.943574478828236 ], [ 28.086823435195871, -25.943579925859485 ] ] ] } },
{ "type": "Feature", "properties": { "SG_ID": "T0JR00160000000002900000RE", "STAND_NO": "RE/29", "AREA_SQMT": 8379.0, "TOWN_NAME_": "BLUE HILLS A.H.", "TS_ONLY_NA": "BLUE HILLS A.H.", "TS_EXT": 0, "STATUS_DES": "REGISTERED", "LAND_TYPE_": "Agricultural Holding", "PROPERTY_I": 2053117, "SHAPE_STAr": 0.0, "SHAPE_STLe": 0.0, "school_distance": 1008.0545631995662, "road_distance": 32.620648200336007, "shopping_distance": 1522.8816971863998, "road_score_x": 100, "school_score_x": 60, "shopping_score_x": 60, "size_score_x": 100, "slope_x": 6.1647601, "slope_score_x": 80, "RDSI": 80.0, "Suitability": "High", "Developable": true, "road_score_y": 100, "school_score_y": 60, "shopping_score_y": 60, "size_score_y": 100, "slope_y": 6.1647601, "slope_score_y": 80, "road_score": 100, "school_score": 60, "shopping_score": 60, "size_score": 100, "slope": 6.1647601, "slope_score": 80, "Recommended_Use": "Cluster Housing" }, "geometry": { "type": "Polygon", "coordinates": [ [ [ 28.091214473643777, -25.944168348836822 ], [ 28.09080427784356, -25.945247510947809 ], [ 28.09019050174572, -25.945160265525448 ], [ 28.090169224514707, -25.945127997703068 ], [ 28.090411243682443, -25.944459161815818 ], [ 28.090541077204641, -25.944100354876252 ], [ 28.09057799486229, -25.944076134994404 ], [ 28.091214473643777, -25.944168348836822 ] ] ] } },
{ "type": "Feature", "properties": { "SG_ID": "T0JR0016000000000060000000", "STAND_NO": "6", "AREA_SQMT": 25696.0, "TOWN_NAME_": "BLUE HILLS A.H.", "TS_ONLY_NA": "BLUE HILLS A.H.", "TS_EXT": 0, "STATUS_DES": "REGISTERED", "LAND_TYPE_": "Agricultural Holding", "PROPERTY_I": 1295747, "SHAPE_STAr": 0.0, "SHAPE_STLe": 0.0, "school_distance": 1178.4264405515773, "road_distance": 129.60632193539115, "shopping_distance": 1375.9202980043365, "road_score_x": 80, "school_score_x": 60, "shopping_score_x": 60, "size_score_x": 100, "slope_x": 2.2605202, "slope_score_x": 100, "RDSI": 79.0, "Suitability": "Medium", "Developable": true, "road_score_y": 80, "school_score_y": 60, "shopping_score_y": 60, "size_score_y": 100, "slope_y": 2.2605202, "slope_score_y": 100, "road_score": 80, "school_score": 60, "shopping_score": 60, "size_score": 100, "slope": 2.2605202, "slope_score": 100, "Recommended_Use": "Cluster Housing" }, "geometry": { "type": "Polygon", "coordinates": [ [ [ 28.095585502183319, -25.937642039959112 ], [ 28.095368486248553, -25.938611977522854 ], [ 28.095351435899769, -25.938608825067959 ], [ 28.093102422967824, -25.938192984006914 ], [ 28.093105104498502, -25.938180614056758 ], [ 28.093313439900196, -25.937220049568808 ], [ 28.095585502183319, -25.937642039959112 ] ] ] } },
{ "type": "Feature", "properties": { "SG_ID": "T0JR0587006000016720000000", "STAND_NO": "1672", "AREA_SQMT": 16830.0, "TOWN_NAME_": "SAGEWOOD EXT.6", "TS_ONLY_NA": "SAGEWOOD", "TS_EXT": 6, "STATUS_DES": "SG_APPROVED", "LAND_TYPE_": "Erven", "PROPERTY_I": 4032502, "SHAPE_STAr": 0.0, "SHAPE_STLe": 0.0, "school_distance": 892.41061623394376, "road_distance": 56.40050817706161, "shopping_distance": 66.558389305700899, "road_score_x": 100, "school_score_x": 80, "shopping_score_x": 100, "size_score_x": 100, "slope_x": 4.5142717, "slope_score_x": 100, "RDSI": 96.0, "Suitability": "High", "Developable": true, "road_score_y": 100, "school_score_y": 80, "shopping_score_y": 100, "size_score_y": 100, "slope_y": 4.5142717, "slope_score_y": 100, "road_score": 100, "school_score": 80, "shopping_score": 100, "size_score": 100, "slope": 4.5142717, "slope_score": 100, "Recommended_Use": "Townhouse Development" }, "geometry": { "type": "Polygon", "coordinates": [ [ [ 28.109636535987452, -25.946247700899942 ], [ 28.109287896618248, -25.946250158958303 ], [ 28.106859489055058, -25.946104277677595 ], [ 28.106853260844826, -25.946103903478654 ], [ 28.108030815603925, -25.945682264018387 ], [ 28.108391068629505, -25.945553326170298 ], [ 28.108418611745986, -25.945543468188376 ], [ 28.108865360006817, -25.945383571138191 ], [ 28.108974763222538, -25.945344436396919 ], [ 28.109038410906692, -25.945321668820281 ], [ 28.109040351938813, -25.945320974192043 ], [ 28.109042261230901, -25.945320290922339 ], [ 28.109043770712081, -25.945319750731187 ], [ 28.109044789513614, -25.945319386137285 ], [ 28.109046310622205, -25.945318841784982 ], [ 28.109048722628177, -25.945317978611204 ], [ 28.109050228222401, -25.945317439798032 ], [ 28.109051108374761, -25.945317883627421 ], [ 28.109055590896155, -25.94532014400248 ], [ 28.109057201102253, -25.945320914936644 ], [ 28.109079652224349, -25.945331664076118 ], [ 28.109082633567365, -25.945333091481956 ], [ 28.109671232682146, -25.94561489879943 ], [ 28.109686947712877, -25.945622422733315 ], [ 28.109695947063113, -25.945626731378887 ], [ 28.109826119785705, -25.945689061571976 ], [ 28.109681674043284, -25.945935276347711 ], [ 28.109636535987452, -25.946247700899942 ] ] ] } },
{ "type": "Feature", "properties": { "SG_ID": "T0JR05870050000000000000RE", "STAND_NO": "RE/T0JR0587005", "AREA_SQMT": 4324.0, "TOWN_NAME_": "SAGEWOOD EXT.5", "TS_ONLY_NA": "SAGEWOOD", "TS_EXT": 5, "STATUS_DES": "REGISTERED", "LAND_TYPE_": "Erven", "PROPERTY_I": 4050511, "SHAPE_STAr": 0.0, "SHAPE_STLe": 0.0, "school_distance": 894.45807018862479, "road_distance": 34.860474712778263, "shopping_distance": 180.23273021274392, "road_score_x": 100, "school_score_x": 80, "shopping_score_x": 100, "size_score_x": 100, "slope_x": 2.0620203, "slope_score_x": 100, "RDSI": 96.0, "Suitability": "High", "Developable": true, "road_score_y": 100, "school_score_y": 80, "shopping_score_y": 100, "size_score_y": 100, "slope_y": 2.0620203, "slope_score_y": 100, "road_score": 100, "school_score": 80, "shopping_score": 100, "size_score": 100, "slope": 2.0620203, "slope_score": 100, "Recommended_Use": "Individual Residential" }, "geometry": { "type": "Polygon", "coordinates": [ [ [ 28.110243618150385, -25.946243445005205 ], [ 28.109636535987434, -25.946247700899978 ], [ 28.109681674043266, -25.945935276347711 ], [ 28.109826119785705, -25.945689061572001 ], [ 28.110246272862106, -25.94589022042263 ], [ 28.110243618150385, -25.946243445005205 ] ] ] } },
{ "type": "Feature", "properties": { "SG_ID": "T0JR0543109000017600000000", "STAND_NO": "1760", "AREA_SQMT": 4838.0, "TOWN_NAME_": "BLUE HILLS EXT.109", "TS_ONLY_NA": "BLUE HILLS", "TS_EXT": 109, "STATUS_DES": "REGISTERED", "LAND_TYPE_": "Erven", "PROPERTY_I": 4029356, "SHAPE_STAr": 0.0, "SHAPE_STLe": 0.0, "school_distance": 70.405424438739246, "road_distance": 48.08042278353858, "shopping_distance": 2603.1418031267085, "road_score_x": 100, "school_score_x": 100, "shopping_score_x": 30, "size_score_x": 100, "slope_x": 4.9641838, "slope_score_x": 100, "RDSI": 86.0, "Suitability": "High", "Developable": true, "road_score_y": 100, "school_score_y": 100, "shopping_score_y": 30, "size_score_y": 100, "slope_y": 4.9641838, "slope_score_y": 100, "road_score": 100, "school_score": 100, "shopping_score": 30, "size_score": 100, "slope": 4.9641838, "slope_score": 100, "Recommended_Use": "Individual Residential" }, "geometry": { "type": "Polygon", "coordinates": [ [ [ 28.082426225090423, -25.954198157759425 ], [ 28.082469921990107, -25.954210014800822 ], [ 28.082515717614033, -25.954208595915741 ], [ 28.082375276934251, -25.954635618554342 ], [ 28.081757396653771, -25.954631701546305 ], [ 28.08197530188276, -25.953970094755082 ], [ 28.082294541682462, -25.954062287282106 ], [ 28.082324349287255, -25.954121318788182 ], [ 28.082426225090423, -25.954198157759425 ] ] ] } },
{ "type": "Feature", "properties": { "SG_ID": "T0JR00160000000001700000RE", "STAND_NO": "RE/17", "AREA_SQMT": 8698.0, "TOWN_NAME_": "BLUE HILLS A.H.", "TS_ONLY_NA": "BLUE HILLS A.H.", "TS_EXT": 0, "STATUS_DES": "REGISTERED", "LAND_TYPE_": "Agricultural Holding", "PROPERTY_I": 1888310, "SHAPE_STAr": 0.0, "SHAPE_STLe": 0.0, "school_distance": 743.52699094938737, "road_distance": 33.226127255649416, "shopping_distance": 2087.9612018707012, "road_score_x": 100, "school_score_x": 80, "shopping_score_x": 30, "size_score_x": 100, "slope_x": 3.4595413, "slope_score_x": 100, "RDSI": 82.0, "Suitability": "High", "Developable": true, "road_score_y": 100, "school_score_y": 80, "shopping_score_y": 30, "size_score_y": 100, "slope_y": 3.4595413, "slope_score_y": 100, "road_score": 100, "school_score": 80, "shopping_score": 30, "size_score": 100, "slope": 3.4595413, "slope_score": 100, "Recommended_Use": "Cluster Housing" }, "geometry": { "type": "Polygon", "coordinates": [ [ [ 28.085566307825175, -25.943245126207742 ], [ 28.085173176583606, -25.944447480605543 ], [ 28.085060688542537, -25.944431481785848 ], [ 28.08461810441398, -25.94436851368739 ], [ 28.084610225447623, -25.944348404217688 ], [ 28.084580101935227, -25.944271519986522 ], [ 28.084935560633479, -25.943199839567022 ], [ 28.084972125410719, -25.943089602927625 ], [ 28.085002881627208, -25.943097627621579 ], [ 28.085082142537303, -25.943118309679999 ], [ 28.085566542507841, -25.943244409357909 ], [ 28.085566307825175, -25.943245126207742 ] ] ] } },
{ "type": "Feature", "properties": { "SG_ID": "T0JR0016000000000170000200", "STAND_NO": "2/17", "AREA_SQMT": 8566.0, "TOWN_NAME_": "BLUE HILLS A.H.", "TS_ONLY_NA": "BLUE HILLS A.H.", "TS_EXT": 0, "STATUS_DES": "REGISTERED", "LAND_TYPE_": "Agricultural Holding", "PROPERTY_I": 1886931, "SHAPE_STAr": 0.0, "SHAPE_STLe": 0.0, "school_distance": 782.4276818584658, "road_distance": 76.123883704237329, "shopping_distance": 2026.0730485257429, "road_score_x": 100, "school_score_x": 80, "shopping_score_x": 30, "size_score_x": 100, "slope_x": 4.8196015, "slope_score_x": 100, "RDSI": 82.0, "Suitability": "High", "Developable": true, "road_score_y": 100, "school_score_y": 80, "shopping_score_y": 30, "size_score_y": 100, "slope_y": 4.8196015, "slope_score_y": 100, "road_score": 100, "school_score": 80, "shopping_score": 30, "size_score": 100, "slope": 4.8196015, "slope_score": 100, "Recommended_Use": "Cluster Housing" }, "geometry": { "type": "Polygon", "coordinates": [ [ [ 28.086174721940349, -25.94340656611547 ], [ 28.085804975711884, -25.944537406145532 ], [ 28.085173176583606, -25.944447480605543 ], [ 28.085566307825175, -25.943245126207742 ], [ 28.085566542507841, -25.943244409357909 ], [ 28.085602042848638, -25.943253503782017 ], [ 28.085603350418836, -25.943253846587094 ], [ 28.08564857903399, -25.943265740548814 ], [ 28.085652782469296, -25.943266852722861 ], [ 28.085766011567497, -25.943296470823849 ], [ 28.08578978818257, -25.943302723049104 ], [ 28.08580355778172, -25.943306349208736 ], [ 28.085959069845284, -25.943347398479979 ], [ 28.086131457537256, -25.943392950671591 ], [ 28.086175387804388, -25.94340451235259 ], [ 28.086174721940349, -25.94340656611547 ] ] ] } },
{ "type": "Feature", "properties": { "SG_ID": "T0JR0016000000000300000000", "STAND_NO": "30", "AREA_SQMT": 25696.0, "TOWN_NAME_": "BLUE HILLS A.H.", "TS_ONLY_NA": "BLUE HILLS A.H.", "TS_EXT": 0, "STATUS_DES": "REGISTERED", "LAND_TYPE_": "Agricultural Holding", "PROPERTY_I": 1839525, "SHAPE_STAr": 0.0, "SHAPE_STLe": 0.0, "school_distance": 1059.443862548912, "road_distance": 59.237005018313646, "shopping_distance": 1420.9358565177768, "road_score_x": 100, "school_score_x": 60, "shopping_score_x": 60, "size_score_x": 100, "slope_x": 4.1186547, "slope_score_x": 100, "RDSI": 84.0, "Suitability": "High", "Developable": true, "road_score_y": 100, "school_score_y": 60, "shopping_score_y": 60, "size_score_y": 100, "slope_y": 4.1186547, "slope_score_y": 100, "road_score": 100, "school_score": 60, "shopping_score": 60, "size_score": 100, "slope": 4.1186547, "slope_score": 100, "Recommended_Use": "Residential Estate" }, "geometry": { "type": "Polygon", "coordinates": [ [ [ 28.091711298179494, -25.945605498484525 ], [ 28.091583301192863, -25.945637494564018 ], [ 28.09080427784356, -25.945247510947844 ], [ 28.09115869085964, -25.944315106056184 ], [ 28.091352833268932, -25.943804340982624 ], [ 28.091528324632151, -25.94334264031454 ], [ 28.09271635384275, -25.943979606042262 ], [ 28.091711298179494, -25.945605498484525 ] ] ] } },
{ "type": "Feature", "properties": { "SG_ID": "T0JR0016000000000320000000", "STAND_NO": "32", "AREA_SQMT": 25696.0, "TOWN_NAME_": "BLUE HILLS A.H.", "TS_ONLY_NA": "BLUE HILLS A.H.", "TS_EXT": 0, "STATUS_DES": "REGISTERED", "LAND_TYPE_": "Agricultural Holding", "PROPERTY_I": 1699105, "SHAPE_STAr": 0.0, "SHAPE_STLe": 0.0, "school_distance": 1150.3668686592553, "road_distance": 120.56722736044725, "shopping_distance": 1351.9570587012629, "road_score_x": 80, "school_score_x": 60, "shopping_score_x": 60, "size_score_x": 100, "slope_x": 2.0619524, "slope_score_x": 100, "RDSI": 79.0, "Suitability": "Medium", "Developable": true, "road_score_y": 80, "school_score_y": 60, "shopping_score_y": 60, "size_score_y": 100, "slope_y": 2.0619524, "slope_score_y": 100, "road_score": 80, "school_score": 60, "shopping_score": 60, "size_score": 100, "slope": 2.0619524, "slope_score": 100, "Recommended_Use": "Cluster Housing" }, "geometry": { "type": "Polygon", "coordinates": [ [ [ 28.093933404217694, -25.942011741431433 ], [ 28.093341375192434, -25.942967675671127 ], [ 28.091547339269852, -25.942006725518763 ], [ 28.092024358039939, -25.940985795168967 ], [ 28.093933404217694, -25.942011741431433 ] ] ] } },
{ "type": "Feature", "properties": { "SG_ID": "T0JR0543069000009510000000", "STAND_NO": "951", "AREA_SQMT": 9883.0, "TOWN_NAME_": "BLUE HILLS EXT.69", "TS_ONLY_NA": "BLUE HILLS", "TS_EXT": 69, "STATUS_DES": "SG_APPROVED", "LAND_TYPE_": "Erven", "PROPERTY_I": 4031964, "SHAPE_STAr": 0.0, "SHAPE_STLe": 0.0, "school_distance": 843.19569712731686, "road_distance": 305.01546186338163, "shopping_distance": 2900.2831711447402, "road_score_x": 60, "school_score_x": 80, "shopping_score_x": 30, "size_score_x": 100, "slope_x": 1.3867544, "slope_score_x": 100, "RDSI": 72.0, "Suitability": "Medium", "Developable": true, "road_score_y": 60, "school_score_y": 80, "shopping_score_y": 30, "size_score_y": 100, "slope_y": 1.3867544, "slope_score_y": 100, "road_score": 60, "school_score": 80, "shopping_score": 30, "size_score": 100, "slope": 1.3867544, "slope_score": 100, "Recommended_Use": "Cluster Housing" }, "geometry": { "type": "Polygon", "coordinates": [ [ [ 28.08307929690281, -25.929127421989701 ], [ 28.083037412999335, -25.929769805574161 ], [ 28.082918091307523, -25.929760183640429 ], [ 28.082559733807546, -25.929686047164406 ], [ 28.081570549301286, -25.929807209159144 ], [ 28.081613162649543, -25.929655426627434 ], [ 28.081633321006823, -25.929119399325018 ], [ 28.08307929690281, -25.929127421989701 ] ] ] } },
{ "type": "Feature", "properties": { "SG_ID": "T0JR0016000000000240000000", "STAND_NO": "24", "AREA_SQMT": 36023.0, "TOWN_NAME_": "BLUE HILLS A.H.", "TS_ONLY_NA": "BLUE HILLS A.H.", "TS_EXT": 0, "STATUS_DES": "REGISTERED", "LAND_TYPE_": "Agricultural Holding", "PROPERTY_I": 1867942, "SHAPE_STAr": 0.0, "SHAPE_STLe": 0.0, "school_distance": 918.33646097571682, "road_distance": 86.171584152412706, "shopping_distance": 1567.2846615509372, "road_score_x": 100, "school_score_x": 80, "shopping_score_x": 60, "size_score_x": 100, "slope_x": 4.1184707, "slope_score_x": 100, "RDSI": 88.0, "Suitability": "High", "Developable": true, "road_score_y": 100, "school_score_y": 80, "shopping_score_y": 60, "size_score_y": 100, "slope_y": 4.1184707, "slope_score_y": 100, "road_score": 100, "school_score": 80, "shopping_score": 60, "size_score": 100, "slope": 4.1184707, "slope_score": 100, "Recommended_Use": "Residential Estate" }, "geometry": { "type": "Polygon", "coordinates": [ [ [ 28.092906432651802, -25.939093884357732 ], [ 28.092464381837054, -25.94004086303703 ], [ 28.09022632409069, -25.939466875582216 ], [ 28.090733352002204, -25.937930973627818 ], [ 28.09083835936487, -25.937902985840005 ], [ 28.092906432651802, -25.939093884357732 ] ] ] } },
{ "type": "Feature", "properties": { "SG_ID": "T0JR0016000000000070000000", "STAND_NO": "7", "AREA_SQMT": 25696.0, "TOWN_NAME_": "BLUE HILLS A.H.", "TS_ONLY_NA": "BLUE HILLS A.H.", "TS_EXT": 0, "STATUS_DES": "REGISTERED", "LAND_TYPE_": "Agricultural Holding", "PROPERTY_I": 1386195, "SHAPE_STAr": 0.0, "SHAPE_STLe": 0.0, "school_distance": 1199.2900238919658, "road_distance": 133.26074829232275, "shopping_distance": 1416.2998442799305, "road_score_x": 80, "school_score_x": 60, "shopping_score_x": 60, "size_score_x": 100, "slope_x": 3.226732, "slope_score_x": 100, "RDSI": 79.0, "Suitability": "Medium", "Developable": true, "road_score_y": 80, "school_score_y": 60, "shopping_score_y": 60, "size_score_y": 100, "slope_y": 3.226732, "slope_score_y": 100, "road_score": 80, "school_score": 60, "shopping_score": 60, "size_score": 100, "slope": 3.226732, "slope_score": 100, "Recommended_Use": "Cluster Housing" }, "geometry": { "type": "Polygon", "coordinates": [ [ [ 28.095815827031107, -25.936610178003125 ], [ 28.095585502183152, -25.937642039958128 ], [ 28.093313439900196, -25.937220049568808 ], [ 28.093497380797178, -25.936367345238974 ], [ 28.093500453108089, -25.936353100289463 ], [ 28.094525399065837, -25.936461437175261 ], [ 28.095818520347354, -25.936598109490912 ], [ 28.095815827031107, -25.936610178003125 ] ] ] } },
{ "type": "Feature", "properties": { "SG_ID": "T0JR0543120000022440000000", "STAND_NO": "2244", "AREA_SQMT": 3315.0, "TOWN_NAME_": "BLUE HILLS EXT.120", "TS_ONLY_NA": "BLUE HILLS", "TS_EXT": 120, "STATUS_DES": "SG_APPROVED", "LAND_TYPE_": "Erven", "PROPERTY_I": 4044296, "SHAPE_STAr": 0.0, "SHAPE_STLe": 0.0, "school_distance": 2028.5409484957381, "road_distance": 56.881941455318817, "shopping_distance": 1215.3153355117336, "road_score_x": 100, "school_score_x": 30, "shopping_score_x": 60, "size_score_x": 100, "slope_x": 2.964812, "slope_score_x": 100, "RDSI": 78.0, "Suitability": "Medium", "Developable": true, "road_score_y": 100, "school_score_y": 30, "shopping_score_y": 60, "size_score_y": 100, "slope_y": 2.964812, "slope_score_y": 100, "road_score": 100, "school_score": 30, "shopping_score": 60, "size_score": 100, "slope": 2.964812, "slope_score": 100, "Recommended_Use": "Individual Residential" }, "geometry": { "type": "Polygon", "coordinates": [ [ [ 28.10673388182461, -25.933145414722503 ], [ 28.106643997141571, -25.933667524580255 ], [ 28.105852000607189, -25.93354743445293 ], [ 28.105882107221241, -25.933379045395533 ], [ 28.105909445430612, -25.933312843479531 ], [ 28.10596279077323, -25.933261200288321 ], [ 28.106033978044131, -25.933232038773149 ], [ 28.106112091842416, -25.933229813082001 ], [ 28.106446418196956, -25.93328033111251 ], [ 28.10673388182461, -25.933145414722503 ] ] ] } },
{ "type": "Feature", "properties": { "SG_ID": "T0JR0543116000018040000000", "STAND_NO": "1804", "AREA_SQMT": 14495.0, "TOWN_NAME_": "BLUE HILLS EXT.116", "TS_ONLY_NA": "BLUE HILLS", "TS_EXT": 116, "STATUS_DES": "SG_APPROVED", "LAND_TYPE_": "Erven", "PROPERTY_I": 4037522, "SHAPE_STAr": 0.0, "SHAPE_STLe": 0.0, "school_distance": 1016.0717011840098, "road_distance": 66.977273495180242, "shopping_distance": 915.8412540018719, "road_score_x": 100, "school_score_x": 60, "shopping_score_x": 80, "size_score_x": 100, "slope_x": 2.1214774, "slope_score_x": 100, "RDSI": 88.0, "Suitability": "High", "Developable": true, "road_score_y": 100, "school_score_y": 60, "shopping_score_y": 80, "size_score_y": 100, "slope_y": 2.1214774, "slope_score_y": 100, "road_score": 100, "school_score": 60, "shopping_score": 80, "size_score": 100, "slope": 2.1214774, "slope_score": 100, "Recommended_Use": "Townhouse Development" }, "geometry": { "type": "Polygon", "coordinates": [ [ [ 28.097720617279357, -25.941141334576802 ], [ 28.097972846205369, -25.942163040839265 ], [ 28.097897132122903, -25.942270746624139 ], [ 28.096925813780366, -25.942466458735954 ], [ 28.096882871223009, -25.942298502359712 ], [ 28.096692968389405, -25.942336747798464 ], [ 28.096657850603901, -25.942290301268653 ], [ 28.096521639593021, -25.941742210647007 ], [ 28.0966001867824, -25.941726233975533 ], [ 28.096619728572328, -25.941805517656299 ], [ 28.096889617129513, -25.941751137646207 ], [ 28.096785143323942, -25.941328081589415 ], [ 28.097720617279357, -25.941141334576802 ] ] ] } },
{ "type": "Feature", "properties": { "SG_ID": "T0JR0587023000016590000000", "STAND_NO": "1659", "AREA_SQMT": 18491.0, "TOWN_NAME_": "SAGEWOOD EXT.23", "TS_ONLY_NA": "SAGEWOOD", "TS_EXT": 23, "STATUS_DES": "SG_APPROVED", "LAND_TYPE_": "Erven", "PROPERTY_I": 4026858, "SHAPE_STAr": 0.0, "SHAPE_STLe": 0.0, "school_distance": 471.44089977908408, "road_distance": 22.293979811573962, "shopping_distance": 478.88609364004969, "road_score_x": 100, "school_score_x": 100, "shopping_score_x": 100, "size_score_x": 100, "slope_x": 2.1215117, "slope_score_x": 100, "RDSI": 100.0, "Suitability": "High", "Developable": true, "road_score_y": 100, "school_score_y": 100, "shopping_score_y": 100, "size_score_y": 100, "slope_y": 2.1215117, "slope_score_y": 100, "road_score": 100, "school_score": 100, "shopping_score": 100, "size_score": 100, "slope": 2.1215117, "slope_score": 100, "Recommended_Use": "Townhouse Development" }, "geometry": { "type": "Polygon", "coordinates": [ [ [ 28.105735123456959, -25.949443891477575 ], [ 28.10631441364028, -25.950190703288467 ], [ 28.106294580739284, -25.950238248115841 ], [ 28.106272167987949, -25.950243155847073 ], [ 28.105963688608931, -25.950267710623031 ], [ 28.105531085643879, -25.950232429114145 ], [ 28.105088535825065, -25.95016422343059 ], [ 28.10444703755579, -25.950120985123995 ], [ 28.103632450313174, -25.950096511266171 ], [ 28.103511233121203, -25.950107143552895 ], [ 28.103714728497842, -25.949502522889819 ], [ 28.104950702799403, -25.949491904234858 ], [ 28.104955588101497, -25.949491858802752 ], [ 28.104955926472648, -25.949491860790779 ], [ 28.104965192408457, -25.94949191506273 ], [ 28.10519377238224, -25.949493325874613 ], [ 28.105657150923669, -25.949415256371523 ], [ 28.105735123456959, -25.949443891477575 ] ] ] } },
{ "type": "Feature", "properties": { "SG_ID": "T0JR0587004000006510000000", "STAND_NO": "651", "AREA_SQMT": 7834.0, "TOWN_NAME_": "SAGEWOOD EXT.4", "TS_ONLY_NA": "SAGEWOOD", "TS_EXT": 4, "STATUS_DES": "SG_APPROVED", "LAND_TYPE_": "Erven", "PROPERTY_I": 2037501, "SHAPE_STAr": 0.0, "SHAPE_STLe": 0.0, "school_distance": 167.11156966067435, "road_distance": 103.52100691149528, "shopping_distance": 1016.9229873658981, "road_score_x": 80, "school_score_x": 100, "shopping_score_x": 60, "size_score_x": 100, "slope_x": 5.5315022, "slope_score_x": 80, "RDSI": 83.0, "Suitability": "High", "Developable": true, "road_score_y": 80, "school_score_y": 100, "shopping_score_y": 60, "size_score_y": 100, "slope_y": 5.5315022, "slope_score_y": 80, "road_score": 80, "school_score": 100, "shopping_score": 60, "size_score": 100, "slope": 5.5315022, "slope_score": 80, "Recommended_Use": "Cluster Housing" }, "geometry": { "type": "Polygon", "coordinates": [ [ [ 28.103990006169173, -25.954770984174907 ], [ 28.103152519850717, -25.954765799372936 ], [ 28.102529961821542, -25.954036707618716 ], [ 28.102529133339637, -25.95403573696046 ], [ 28.102528700987904, -25.954035230948332 ], [ 28.102526212780074, -25.954032317017859 ], [ 28.102530823615844, -25.954033997289152 ], [ 28.10253217453446, -25.954034477743377 ], [ 28.102560856320228, -25.954044941965883 ], [ 28.102571116899899, -25.954048706556396 ], [ 28.10257420442441, -25.954049839698651 ], [ 28.102686097483563, -25.954091445047176 ], [ 28.103209344580545, -25.954286005690413 ], [ 28.104075358266066, -25.954608012817726 ], [ 28.10407490990892, -25.954608869384494 ], [ 28.103990006169173, -25.954770984174907 ] ] ] } },
{ "type": "Feature", "properties": { "SG_ID": "T0JR0582010000011670000000", "STAND_NO": "1167", "AREA_SQMT": 82287.0, "TOWN_NAME_": "SUMMERSET EXT.10", "TS_ONLY_NA": "SUMMERSET", "TS_EXT": 10, "STATUS_DES": "REGISTERED", "LAND_TYPE_": "Erven", "PROPERTY_I": 4003920, "SHAPE_STAr": 0.0, "SHAPE_STLe": 0.0, "school_distance": 74.859512075690816, "road_distance": 53.733764411327776, "shopping_distance": 1087.1426475473636, "road_score_x": 100, "school_score_x": 100, "shopping_score_x": 60, "size_score_x": 100, "slope_x": 2.7722106, "slope_score_x": 100, "RDSI": 92.0, "Suitability": "High", "Developable": true, "road_score_y": 100, "school_score_y": 100, "shopping_score_y": 60, "size_score_y": 100, "slope_y": 2.7722106, "slope_score_y": 100, "road_score": 100, "school_score": 100, "shopping_score": 60, "size_score": 100, "slope": 2.7722106, "slope_score": 100, "Recommended_Use": "Residential Estate" }, "geometry": { "type": "Polygon", "coordinates": [ [ [ 28.103152519881846, -25.954765799373128 ], [ 28.099807403098556, -25.954745041743998 ], [ 28.099860740013721, -25.954395667358238 ], [ 28.099860802284141, -25.954394855920732 ], [ 28.099863912848893, -25.954394245894562 ], [ 28.099869812599152, -25.954393822378801 ], [ 28.100689307933507, -25.9542833839499 ], [ 28.101205686818105, -25.954213608796568 ], [ 28.102506194674049, -25.95403819569805 ], [ 28.102528700992707, -25.954035230950286 ], [ 28.103152519881846, -25.954765799373128 ] ] ] } },
{ "type": "Feature", "properties": { "SG_ID": "T0JR0543109000017610000000", "STAND_NO": "1761", "AREA_SQMT": 4974.0, "TOWN_NAME_": "BLUE HILLS EXT.109", "TS_ONLY_NA": "BLUE HILLS", "TS_EXT": 109, "STATUS_DES": "REGISTERED", "LAND_TYPE_": "Erven", "PROPERTY_I": 4029357, "SHAPE_STAr": 0.0, "SHAPE_STLe": 0.0, "school_distance": 59.742821365471805, "road_distance": 37.594793513014096, "shopping_distance": 2548.0093113879088, "road_score_x": 100, "school_score_x": 100, "shopping_score_x": 30, "size_score_x": 100, "slope_x": 2.9648759, "slope_score_x": 100, "RDSI": 86.0, "Suitability": "High", "Developable": true, "road_score_y": 100, "school_score_y": 100, "shopping_score_y": 30, "size_score_y": 100, "slope_y": 2.9648759, "slope_score_y": 100, "road_score": 100, "school_score": 100, "shopping_score": 30, "size_score": 100, "slope": 2.9648759, "slope_score": 100, "Recommended_Use": "Individual Residential" }, "geometry": { "type": "Polygon", "coordinates": [ [ [ 28.083025040598457, -25.954639734840573 ], [ 28.082375280505609, -25.95463561857698 ], [ 28.082515717614033, -25.954208595915741 ], [ 28.082595139271646, -25.954206137230003 ], [ 28.082671416524626, -25.954171102405653 ], [ 28.08318324721473, -25.954318917588687 ], [ 28.083025040598457, -25.954639734840573 ] ] ] } },
{ "type": "Feature", "properties": { "SG_ID": "T0JR0543011000007810000000", "STAND_NO": "781", "AREA_SQMT": 3143.0, "TOWN_NAME_": "BLUE HILLS EXT.11", "TS_ONLY_NA": "BLUE HILLS", "TS_EXT": 11, "STATUS_DES": "REGISTERED", "LAND_TYPE_": "Erven", "PROPERTY_I": 2066273, "SHAPE_STAr": 0.0, "SHAPE_STLe": 0.0, "school_distance": 65.262026868771443, "road_distance": 26.794529889545114, "shopping_distance": 2697.9673266155041, "road_score_x": 100, "school_score_x": 100, "shopping_score_x": 30, "size_score_x": 100, "slope_x": 5.547545, "slope_score_x": 80, "RDSI": 82.0, "Suitability": "High", "Developable": true, "road_score_y": 100, "school_score_y": 100, "shopping_score_y": 30, "size_score_y": 100, "slope_y": 5.547545, "slope_score_y": 80, "road_score": 100, "school_score": 100, "shopping_score": 30, "size_score": 100, "slope": 5.547545, "slope_score": 80, "Recommended_Use": "Individual Residential" }, "geometry": { "type": "Polygon", "coordinates": [ [ [ 28.080742709542477, -25.953631244299871 ], [ 28.080966101242815, -25.953695737649987 ], [ 28.080979519101007, -25.953655089313354 ], [ 28.081269679835813, -25.953738885993292 ], [ 28.081269473787511, -25.953739498151279 ], [ 28.081269125073643, -25.95374053416031 ], [ 28.081268317167314, -25.953742934404058 ], [ 28.081268107504449, -25.953743556555853 ], [ 28.081194396153087, -25.95396125455806 ], [ 28.081179529235346, -25.954005117511056 ], [ 28.081114841335626, -25.954195970525049 ], [ 28.081112460079375, -25.954203018559348 ], [ 28.081112198049709, -25.954203794113965 ], [ 28.081111215379231, -25.954206702618503 ], [ 28.081110133752631, -25.95420991185031 ], [ 28.081105784635003, -25.954222737136295 ], [ 28.081100117975627, -25.954239447769154 ], [ 28.081086152677891, -25.954280630558138 ], [ 28.081085634927295, -25.954282157371591 ], [ 28.081082553557081, -25.954291258204726 ], [ 28.081080782760711, -25.954296488254737 ], [ 28.081080282127122, -25.954297966876897 ], [ 28.081079540531096, -25.954300157181766 ], [ 28.08107926140357, -25.954300981585231 ], [ 28.081077604049081, -25.954305876583611 ], [ 28.081077231770703, -25.95430700096718 ], [ 28.081074221810997, -25.954316091876176 ], [ 28.081052334358191, -25.954382359983999 ], [ 28.081051964174662, -25.954383480778905 ], [ 28.081051420092429, -25.954385128082389 ], [ 28.081039896936137, -25.954420016427186 ], [ 28.081018245389853, -25.954485570159516 ], [ 28.080989018252797, -25.95441455374991 ], [ 28.080981519981968, -25.954402355844653 ], [ 28.08091885203849, -25.954300409878645 ], [ 28.080879665150952, -25.954256093480709 ], [ 28.080840315578815, -25.954211590336527 ], [ 28.080836072617259, -25.954206944445531 ], [ 28.080834214389498, -25.954204813123148 ], [ 28.080825028270745, -25.954194324000262 ], [ 28.080788255654927, -25.95415271391493 ], [ 28.080751249706864, -25.954101225717917 ], [ 28.08072187826134, -25.954043408363976 ], [ 28.080701921815923, -25.953985225512341 ], [ 28.080689641217983, -25.953923586765068 ], [ 28.080690485756779, -25.953815384174433 ], [ 28.080719962897479, -25.953697980977342 ], [ 28.080742709542477, -25.953631244299871 ] ] ] } },
{ "type": "Feature", "properties": { "SG_ID": "T0JR0016000000000160000200", "STAND_NO": "2/16", "AREA_SQMT": 8565.0, "TOWN_NAME_": "BLUE HILLS A.H.", "TS_ONLY_NA": "BLUE HILLS A.H.", "TS_EXT": 0, "STATUS_DES": "REGISTERED", "LAND_TYPE_": "Agricultural Holding", "PROPERTY_I": 1696565, "SHAPE_STAr": 0.0, "SHAPE_STLe": 0.0, "school_distance": 694.12837183493059, "road_distance": 99.546257936179259, "shopping_distance": 1993.6951883726899, "road_score_x": 100, "school_score_x": 80, "shopping_score_x": 60, "size_score_x": 100, "slope_x": 6.327085, "slope_score_x": 80, "RDSI": 84.0, "Suitability": "High", "Developable": true, "road_score_y": 100, "school_score_y": 80, "shopping_score_y": 60, "size_score_y": 100, "slope_y": 6.327085, "slope_score_y": 80, "road_score": 100, "school_score": 80, "shopping_score": 60, "size_score": 100, "slope": 6.327085, "slope_score": 80, "Recommended_Use": "Cluster Housing" }, "geometry": { "type": "Polygon", "coordinates": [ [ [ 28.08620621031007, -25.943411145100978 ], [ 28.086205823752231, -25.943412489117101 ], [ 28.086175387804388, -25.94340451235259 ], [ 28.086131457537256, -25.943392950671591 ], [ 28.085959069845284, -25.943347398479979 ], [ 28.08580355778172, -25.943306349208736 ], [ 28.08578978818257, -25.943302723049104 ], [ 28.085766011567497, -25.943296470823849 ], [ 28.085652782469296, -25.943266852722861 ], [ 28.08564857903399, -25.943265740548814 ], [ 28.085603350418836, -25.943253846587094 ], [ 28.085602042848638, -25.943253503782017 ], [ 28.085602242817913, -25.94325226125909 ], [ 28.085606110350728, -25.943239567355111 ], [ 28.085606690009104, -25.943238545933244 ], [ 28.085971945390966, -25.942098962411677 ], [ 28.085972975251142, -25.942095260713028 ], [ 28.08597641753061, -25.942085252345702 ], [ 28.085977592157391, -25.942081588051281 ], [ 28.086579636150088, -25.942239201604981 ], [ 28.086592322874743, -25.942242474802562 ], [ 28.086586029868826, -25.942261551634957 ], [ 28.086211504598406, -25.943395431122951 ], [ 28.086210721938667, -25.943397800349057 ], [ 28.08620621031007, -25.943411145100978 ] ] ] } },
{ "type": "Feature", "properties": { "SG_ID": "T0JR0016000000000310000000", "STAND_NO": "31", "AREA_SQMT": 25696.0, "TOWN_NAME_": "BLUE HILLS A.H.", "TS_ONLY_NA": "BLUE HILLS A.H.", "TS_EXT": 0, "STATUS_DES": "REGISTERED", "LAND_TYPE_": "Agricultural Holding", "PROPERTY_I": 1857522, "SHAPE_STAr": 0.0, "SHAPE_STLe": 0.0, "school_distance": 1143.6899837769013, "road_distance": 55.294331378352204, "shopping_distance": 1386.372979700767, "road_score_x": 100, "school_score_x": 60, "shopping_score_x": 60, "size_score_x": 100, "slope_x": 3.2268782, "slope_score_x": 100, "RDSI": 84.0, "Suitability": "High", "Developable": true, "road_score_y": 100, "school_score_y": 60, "shopping_score_y": 60, "size_score_y": 100, "slope_y": 3.2268782, "slope_score_y": 100, "road_score": 100, "school_score": 60, "shopping_score": 60, "size_score": 100, "slope": 3.2268782, "slope_score": 100, "Recommended_Use": "Residential Estate" }, "geometry": { "type": "Polygon", "coordinates": [ [ [ 28.093341375192434, -25.942967675671127 ], [ 28.09271635384275, -25.943979606042262 ], [ 28.091528324632151, -25.94334264031454 ], [ 28.091052676348614, -25.943087604598919 ], [ 28.091045304419918, -25.943083652091534 ], [ 28.091532338005038, -25.942039275201875 ], [ 28.091547339269852, -25.942006725518763 ], [ 28.093341375192434, -25.942967675671127 ] ] ] } },
{ "type": "Feature", "properties": { "SG_ID": "T0JR0016000000000250000000", "STAND_NO": "25", "AREA_SQMT": 25696.0, "TOWN_NAME_": "BLUE HILLS A.H.", "TS_ONLY_NA": "BLUE HILLS A.H.", "TS_EXT": 0, "STATUS_DES": "REGISTERED", "LAND_TYPE_": "Agricultural Holding", "PROPERTY_I": 1806031, "SHAPE_STAr": 0.0, "SHAPE_STLe": 0.0, "school_distance": 925.36717162758407, "road_distance": 82.270178902641405, "shopping_distance": 1554.6229296858098, "road_score_x": 100, "school_score_x": 80, "shopping_score_x": 60, "size_score_x": 100, "slope_x": 6.1645293, "slope_score_x": 80, "RDSI": 84.0, "Suitability": "High", "Developable": true, "road_score_y": 100, "school_score_y": 80, "shopping_score_y": 60, "size_score_y": 100, "slope_y": 6.1645293, "slope_score_y": 80, "road_score": 100, "school_score": 80, "shopping_score": 60, "size_score": 100, "slope": 6.1645293, "slope_score": 80, "Recommended_Use": "Residential Estate" }, "geometry": { "type": "Polygon", "coordinates": [ [ [ 28.092464381837054, -25.94004086303703 ], [ 28.092024358039939, -25.940985795168967 ], [ 28.089902300813655, -25.940445806252601 ], [ 28.09022632409069, -25.939466875582216 ], [ 28.092464381837054, -25.94004086303703 ] ] ] } },
{ "type": "Feature", "properties": { "SG_ID": "T0JR0016000000000080000000", "STAND_NO": "8", "AREA_SQMT": 25696.0, "TOWN_NAME_": "BLUE HILLS A.H.", "TS_ONLY_NA": "BLUE HILLS A.H.", "TS_EXT": 0, "STATUS_DES": "REGISTERED", "LAND_TYPE_": "Agricultural Holding", "PROPERTY_I": 1812899, "SHAPE_STAr": 0.0, "SHAPE_STLe": 0.0, "school_distance": 1017.311770289597, "road_distance": 135.68538956718879, "shopping_distance": 1538.757832040118, "road_score_x": 80, "school_score_x": 60, "shopping_score_x": 60, "size_score_x": 100, "slope_x": 5.6414127, "slope_score_x": 80, "RDSI": 75.0, "Suitability": "Medium", "Developable": true, "road_score_y": 80, "school_score_y": 60, "shopping_score_y": 60, "size_score_y": 100, "slope_y": 5.6414127, "slope_score_y": 80, "road_score": 80, "school_score": 60, "shopping_score": 60, "size_score": 100, "slope": 5.6414127, "slope_score": 80, "Recommended_Use": "Cluster Housing" }, "geometry": { "type": "Polygon", "coordinates": [ [ [ 28.09297280617529, -25.938793463753516 ], [ 28.092971408569095, -25.938799938450497 ], [ 28.092037389304256, -25.93826296557469 ], [ 28.092489123199314, -25.936261729490802 ], [ 28.092492428839414, -25.936247066244324 ], [ 28.093500453108089, -25.936353100289463 ], [ 28.093497380797178, -25.936367345238974 ], [ 28.093313439900196, -25.937220049568808 ], [ 28.093105104498502, -25.938180614056758 ], [ 28.093102422967824, -25.938192984006914 ], [ 28.09297280617529, -25.938793463753516 ] ] ] } },
{ "type": "Feature", "properties": { "SG_ID": "T0JR0016000000000360000000", "STAND_NO": "36", "AREA_SQMT": 25696.0, "TOWN_NAME_": "BLUE HILLS A.H.", "TS_ONLY_NA": "BLUE HILLS A.H.", "TS_EXT": 0, "STATUS_DES": "REGISTERED", "LAND_TYPE_": "Agricultural Holding", "PROPERTY_I": 1366314, "SHAPE_STAr": 0.0, "SHAPE_STLe": 0.0, "school_distance": 992.23198730901368, "road_distance": 62.918545732147805, "shopping_distance": 1139.6115236115859, "road_score_x": 100, "school_score_x": 80, "shopping_score_x": 60, "size_score_x": 100, "slope_x": 4.1186066, "slope_score_x": 100, "RDSI": 88.0, "Suitability": "High", "Developable": true, "road_score_y": 100, "school_score_y": 80, "shopping_score_y": 60, "size_score_y": 100, "slope_y": 4.1186066, "slope_score_y": 100, "road_score": 100, "school_score": 80, "shopping_score": 60, "size_score": 100, "slope": 4.1186066, "slope_score": 100, "Recommended_Use": "Residential Estate" }, "geometry": { "type": "Polygon", "coordinates": [ [ [ 28.095426445452755, -25.942397731301728 ], [ 28.095145416905478, -25.944164618432957 ], [ 28.093610386355696, -25.943412653955981 ], [ 28.094503421233796, -25.941952749400777 ], [ 28.095426445452755, -25.942397731301728 ] ] ] } },
{ "type": "Feature", "properties": { "SG_ID": "T0JR0016000000000350000000", "STAND_NO": "35", "AREA_SQMT": 25696.0, "TOWN_NAME_": "BLUE HILLS A.H.", "TS_ONLY_NA": "BLUE HILLS A.H.", "TS_EXT": 0, "STATUS_DES": "REGISTERED", "LAND_TYPE_": "Agricultural Holding", "PROPERTY_I": 1691210, "SHAPE_STAr": 0.0, "SHAPE_STLe": 0.0, "school_distance": 1105.3491706021118, "road_distance": 59.053771835580683, "shopping_distance": 1093.0449096301923, "road_score_x": 100, "school_score_x": 60, "shopping_score_x": 60, "size_score_x": 100, "slope_x": 4.5141397, "slope_score_x": 100, "RDSI": 84.0, "Suitability": "High", "Developable": true, "road_score_y": 100, "school_score_y": 60, "shopping_score_y": 60, "size_score_y": 100, "slope_y": 4.5141397, "slope_score_y": 100, "road_score": 100, "school_score": 60, "shopping_score": 60, "size_score": 100, "slope": 4.5141397, "slope_score": 100, "Recommended_Use": "Residential Estate" }, "geometry": { "type": "Polygon", "coordinates": [ [ [ 28.096398138790963, -25.942129679576507 ], [ 28.095426445452755, -25.942397731301728 ], [ 28.094503421233796, -25.941952749400777 ], [ 28.095401471715878, -25.940482852343308 ], [ 28.095493468226472, -25.940439860155767 ], [ 28.0959284835671, -25.940473859180745 ], [ 28.096004483909759, -25.940526862407523 ], [ 28.096399320076632, -25.942129391921664 ], [ 28.096398138790963, -25.942129679576507 ] ] ] } },
{ "type": "Feature", "properties": { "SG_ID": "T0JR0016000000000500000000", "STAND_NO": "50", "AREA_SQMT": 25696.0, "TOWN_NAME_": "BLUE HILLS A.H.", "TS_ONLY_NA": "BLUE HILLS A.H.", "TS_EXT": 0, "STATUS_DES": "REGISTERED", "LAND_TYPE_": "Agricultural Holding", "PROPERTY_I": 1271701, "SHAPE_STAr": 0.0, "SHAPE_STLe": 0.0, "school_distance": 571.83223389757245, "road_distance": 88.253048497837256, "shopping_distance": 597.38143346752895, "road_score_x": 100, "school_score_x": 80, "shopping_score_x": 80, "size_score_x": 100, "slope_x": 2.2606399, "slope_score_x": 100, "RDSI": 92.0, "Suitability": "High", "Developable": true, "road_score_y": 100, "school_score_y": 80, "shopping_score_y": 80, "size_score_y": 100, "slope_y": 2.2606399, "slope_score_y": 100, "road_score": 100, "school_score": 80, "shopping_score": 80, "size_score": 100, "slope": 2.2606399, "slope_score": 100, "Recommended_Use": "Residential Estate" }, "geometry": { "type": "Polygon", "coordinates": [ [ [ 28.100983059242314, -25.9461149808477 ], [ 28.099385689200993, -25.946440512540441 ], [ 28.099333263329424, -25.946242463178553 ], [ 28.099238961092773, -25.945851520873816 ], [ 28.099063930905224, -25.945125903666611 ], [ 28.099054727707969, -25.945087750020779 ], [ 28.099045524516193, -25.94504959637441 ], [ 28.099245373806795, -25.945008780724915 ], [ 28.100641580340969, -25.944723628883718 ], [ 28.100983059242314, -25.9461149808477 ] ] ] } },
{ "type": "Feature", "properties": { "SG_ID": "T0JR0016000000000610000000", "STAND_NO": "61", "AREA_SQMT": 8565.0, "TOWN_NAME_": "BLUE HILLS A.H.", "TS_ONLY_NA": "BLUE HILLS A.H.", "TS_EXT": 0, "STATUS_DES": "REGISTERED", "LAND_TYPE_": "Agricultural Holding", "PROPERTY_I": 1404896, "SHAPE_STAr": 0.0, "SHAPE_STLe": 0.0, "school_distance": 725.77609474468682, "road_distance": 49.241616272376305, "shopping_distance": 1568.2669570585347, "road_score_x": 100, "school_score_x": 80, "shopping_score_x": 60, "size_score_x": 100, "slope_x": 2.2606931, "slope_score_x": 100, "RDSI": 88.0, "Suitability": "High", "Developable": true, "road_score_y": 100, "school_score_y": 80, "shopping_score_y": 60, "size_score_y": 100, "slope_y": 2.2606931, "slope_score_y": 100, "road_score": 100, "school_score": 80, "shopping_score": 60, "size_score": 100, "slope": 2.2606931, "slope_score": 100, "Recommended_Use": "Cluster Housing" }, "geometry": { "type": "Polygon", "coordinates": [ [ [ 28.091517141725181, -25.94850842539368 ], [ 28.091173675800906, -25.949315155555016 ], [ 28.091128240409898, -25.949301273145949 ], [ 28.090355529128008, -25.94906548486999 ], [ 28.090305991442317, -25.948948579824528 ], [ 28.090725032266789, -25.948268443012164 ], [ 28.091517141725181, -25.94850842539368 ] ] ] } },
{ "type": "Feature", "properties": { "SG_ID": "T0JR0016000000000710000000", "STAND_NO": "71", "AREA_SQMT": 25696.0, "TOWN_NAME_": "BLUE HILLS A.H.", "TS_ONLY_NA": "BLUE HILLS A.H.", "TS_EXT": 0, "STATUS_DES": "REGISTERED", "LAND_TYPE_": "Agricultural Holding", "PROPERTY_I": 1395781, "SHAPE_STAr": 0.0, "SHAPE_STLe": 0.0, "school_distance": 672.00015347939836, "road_distance": 132.0140833783675, "shopping_distance": 1698.5392803999191, "road_score_x": 80, "school_score_x": 80, "shopping_score_x": 60, "size_score_x": 100, "slope_x": 3.6030586, "slope_score_x": 100, "RDSI": 83.0, "Suitability": "High", "Developable": true, "road_score_y": 80, "school_score_y": 80, "shopping_score_y": 60, "size_score_y": 100, "slope_y": 3.6030586, "slope_score_y": 100, "road_score": 80, "school_score": 80, "shopping_score": 60, "size_score": 100, "slope": 3.6030586, "slope_score": 100, "Recommended_Use": "Residential Estate" }, "geometry": { "type": "Polygon", "coordinates": [ [ [ 28.090474242310972, -25.947606356850041 ], [ 28.089863211085834, -25.948594288745518 ], [ 28.088145170542383, -25.947759326455408 ], [ 28.08836518181111, -25.947123377127692 ], [ 28.088525405447434, -25.946659504564472 ], [ 28.089491216706023, -25.94712838534393 ], [ 28.090474242310972, -25.947606356850041 ] ] ] } },
{ "type": "Feature", "properties": { "SG_ID": "T0JR0016000000000290000800", "STAND_NO": "8/29", "AREA_SQMT": 9078.0, "TOWN_NAME_": "BLUE HILLS A.H.", "TS_ONLY_NA": "BLUE HILLS A.H.", "TS_EXT": 0, "STATUS_DES": "REGISTERED", "LAND_TYPE_": "Agricultural Holding", "PROPERTY_I": 4010754, "SHAPE_STAr": 0.0, "SHAPE_STLe": 0.0, "school_distance": 1110.9100782355633, "road_distance": 42.209721213400059, "shopping_distance": 1497.743088336656, "road_score_x": 100, "school_score_x": 60, "shopping_score_x": 60, "size_score_x": 100, "slope_x": 4.2210493, "slope_score_x": 100, "RDSI": 84.0, "Suitability": "High", "Developable": true, "road_score_y": 100, "school_score_y": 60, "shopping_score_y": 60, "size_score_y": 100, "slope_y": 4.2210493, "slope_score_y": 100, "road_score": 100, "school_score": 60, "shopping_score": 60, "size_score": 100, "slope": 4.2210493, "slope_score": 100, "Recommended_Use": "Cluster Housing" }, "geometry": { "type": "Polygon", "coordinates": [ [ [ 28.091528324630922, -25.943342640307364 ], [ 28.091214473643777, -25.944168348836822 ], [ 28.09057799486229, -25.944076134994404 ], [ 28.090541077204641, -25.944100354876252 ], [ 28.090169224514707, -25.945127997703068 ], [ 28.09019050174572, -25.945160265525448 ], [ 28.090128620152203, -25.945151469196347 ], [ 28.090513550303847, -25.944076820743867 ], [ 28.090786208374279, -25.943017565718289 ], [ 28.091045304419918, -25.943083652091534 ], [ 28.091528324630922, -25.943342640307364 ] ] ] } },
{ "type": "Feature", "properties": { "SG_ID": "T0JR0016000000000330000000", "STAND_NO": "33", "AREA_SQMT": 25696.0, "TOWN_NAME_": "BLUE HILLS A.H.", "TS_ONLY_NA": "BLUE HILLS A.H.", "TS_EXT": 0, "STATUS_DES": "REGISTERED", "LAND_TYPE_": "Agricultural Holding", "PROPERTY_I": 1524632, "SHAPE_STAr": 0.0, "SHAPE_STLe": 0.0, "school_distance": 1152.489940211992, "road_distance": 115.78326694386936, "shopping_distance": 1328.3469452205923, "road_score_x": 80, "school_score_x": 60, "shopping_score_x": 60, "size_score_x": 100, "slope_x": 1.0313003, "slope_score_x": 100, "RDSI": 79.0, "Suitability": "Medium", "Developable": true, "road_score_y": 80, "school_score_y": 60, "shopping_score_y": 60, "size_score_y": 100, "slope_y": 1.0313003, "slope_score_y": 100, "road_score": 80, "school_score": 60, "shopping_score": 60, "size_score": 100, "slope": 1.0313003, "slope_score": 100, "Recommended_Use": "Cluster Housing" }, "geometry": { "type": "Polygon", "coordinates": [ [ [ 28.094509434926557, -25.941078809792902 ], [ 28.093933404217694, -25.942011741431433 ], [ 28.092024358039939, -25.940985795168967 ], [ 28.092464381837054, -25.94004086303703 ], [ 28.094179590607599, -25.940911412774039 ], [ 28.094498717587197, -25.94107337036116 ], [ 28.094509434926557, -25.941078809792902 ] ] ] } },
{ "type": "Feature", "properties": { "SG_ID": "T0JR0016000000000340000100", "STAND_NO": "1/34", "AREA_SQMT": 8922.0, "TOWN_NAME_": "BLUE HILLS A.H.", "TS_ONLY_NA": "BLUE HILLS A.H.", "TS_EXT": 0, "STATUS_DES": "REGISTERED", "LAND_TYPE_": "Agricultural Holding", "PROPERTY_I": 1396775, "SHAPE_STAr": 0.0, "SHAPE_STLe": 0.0, "school_distance": 1234.8351274346826, "road_distance": 39.624280901455379, "shopping_distance": 1245.9039401492175, "road_score_x": 100, "school_score_x": 60, "shopping_score_x": 60, "size_score_x": 100, "slope_x": 7.4127016, "slope_score_x": 80, "RDSI": 80.0, "Suitability": "High", "Developable": true, "road_score_y": 100, "school_score_y": 60, "shopping_score_y": 60, "size_score_y": 100, "slope_y": 7.4127016, "slope_score_y": 80, "road_score": 100, "school_score": 60, "shopping_score": 60, "size_score": 100, "slope": 7.4127016, "slope_score": 80, "Recommended_Use": "Cluster Housing" }, "geometry": { "type": "Polygon", "coordinates": [ [ [ 28.094976456715742, -25.940323864157509 ], [ 28.094509434926557, -25.941078809792902 ], [ 28.094498717587197, -25.941073370361131 ], [ 28.094183696677259, -25.940913496619874 ], [ 28.093818634922883, -25.93961902719704 ], [ 28.094947458095728, -25.940268861827384 ], [ 28.094976456715742, -25.940323864157509 ] ] ] } },
{ "type": "Feature", "properties": { "SG_ID": "T0JR0543085000017210000000", "STAND_NO": "1721", "AREA_SQMT": 30852.0, "TOWN_NAME_": "BLUE HILLS EXT.85", "TS_ONLY_NA": "BLUE HILLS", "TS_EXT": 85, "STATUS_DES": "REGISTERED", "LAND_TYPE_": "Erven", "PROPERTY_I": 4028253, "SHAPE_STAr": 0.0, "SHAPE_STLe": 0.0, "school_distance": 1907.5743155951893, "road_distance": 124.42087421180156, "shopping_distance": 1540.5264144538928, "road_score_x": 80, "school_score_x": 30, "shopping_score_x": 60, "size_score_x": 100, "slope_x": 4.1182098, "slope_score_x": 100, "RDSI": 73.0, "Suitability": "Medium", "Developable": true, "road_score_y": 80, "school_score_y": 30, "shopping_score_y": 60, "size_score_y": 100, "slope_y": 4.1182098, "slope_score_y": 100, "road_score": 80, "school_score": 30, "shopping_score": 60, "size_score": 100, "slope": 4.1182098, "slope_score": 100, "Recommended_Use": "Cluster Housing" }, "geometry": { "type": "Polygon", "coordinates": [ [ [ 28.10160815780198, -25.930848143191646 ], [ 28.101373336333744, -25.932123329288519 ], [ 28.101715336061517, -25.932177644424684 ], [ 28.101658743774774, -25.932480064007706 ], [ 28.099590125183681, -25.932167625843768 ], [ 28.099705590105035, -25.931547074319717 ], [ 28.099784030111589, -25.931559550852484 ], [ 28.099920333415241, -25.931473706853755 ], [ 28.099949103438444, -25.931311570873 ], [ 28.09986829062894, -25.93120869991321 ], [ 28.099959769876047, -25.930713101635174 ], [ 28.100106900604075, -25.930619039975785 ], [ 28.10160815780198, -25.930848143191646 ] ] ] } },
{ "type": "Feature", "properties": { "SG_ID": "T0JR0543001000002580000000", "STAND_NO": "258", "AREA_SQMT": 1188.0, "TOWN_NAME_": "BLUE HILLS EXT.1", "TS_ONLY_NA": "BLUE HILLS", "TS_EXT": 1, "STATUS_DES": "SG_APPROVED", "LAND_TYPE_": "Erven", "PROPERTY_I": 1720043, "SHAPE_STAr": 0.0, "SHAPE_STLe": 0.0, "school_distance": 983.88440616008381, "road_distance": 36.864436370694321, "shopping_distance": 336.0278204624932, "road_score_x": 100, "school_score_x": 80, "shopping_score_x": 100, "size_score_x": 100, "slope_x": 6.1646447, "slope_score_x": 80, "RDSI": 92.0, "Suitability": "High", "Developable": true, "road_score_y": 100, "school_score_y": 80, "shopping_score_y": 100, "size_score_y": 100, "slope_y": 6.1646447, "slope_score_y": 80, "road_score": 100, "school_score": 80, "shopping_score": 100, "size_score": 100, "slope": 6.1646447, "slope_score": 80, "Recommended_Use": "Individual Residential" }, "geometry": { "type": "Polygon", "coordinates": [ [ [ 28.103716553760496, -25.94247506698526 ], [ 28.103537895931204, -25.94274601057452 ], [ 28.10326105883793, -25.942595574870861 ], [ 28.103245448307884, -25.942587065572994 ], [ 28.103275521126932, -25.942541429787646 ], [ 28.103423711864011, -25.942316548326509 ], [ 28.103438308390903, -25.942324449616855 ], [ 28.103716553760496, -25.94247506698526 ] ] ] } },
{ "type": "Feature", "properties": { "SG_ID": "T0JR0543080000017430000000", "STAND_NO": "1743", "AREA_SQMT": 13042.0, "TOWN_NAME_": "BLUE HILLS EXT.80", "TS_ONLY_NA": "BLUE HILLS", "TS_EXT": 80, "STATUS_DES": "REGISTERED", "LAND_TYPE_": "Erven", "PROPERTY_I": 4025633, "SHAPE_STAr": 0.0, "SHAPE_STLe": 0.0, "school_distance": 98.026404818527027, "road_distance": 138.92501846167977, "shopping_distance": 2206.9553945402181, "road_score_x": 80, "school_score_x": 100, "shopping_score_x": 30, "size_score_x": 100, "slope_x": 2.2607329, "slope_score_x": 100, "RDSI": 81.0, "Suitability": "High", "Developable": true, "road_score_y": 80, "school_score_y": 100, "shopping_score_y": 30, "size_score_y": 100, "slope_y": 2.2607329, "slope_score_y": 100, "road_score": 80, "school_score": 100, "shopping_score": 30, "size_score": 100, "slope": 2.2607329, "slope_score": 100, "Recommended_Use": "Townhouse Development" }, "geometry": { "type": "Polygon", "coordinates": [ [ [ 28.085155720365965, -25.951939513361069 ], [ 28.085088396666052, -25.951971404533772 ], [ 28.084818679917841, -25.951947221416908 ], [ 28.084758522112303, -25.951898641096932 ], [ 28.084730807405624, -25.951781895215781 ], [ 28.084467379956884, -25.951344619650548 ], [ 28.084172485001531, -25.951078289228178 ], [ 28.08452389919449, -25.950981586518765 ], [ 28.084785832743965, -25.95090743344506 ], [ 28.084993236811084, -25.950850492286197 ], [ 28.086041541905974, -25.950505317018454 ], [ 28.085616066092346, -25.951193089774012 ], [ 28.085155720365965, -25.951939513361069 ] ] ] } },
{ "type": "Feature", "properties": { "SG_ID": "T0JR0543116000018050000000", "STAND_NO": "1805", "AREA_SQMT": 1617.0, "TOWN_NAME_": "BLUE HILLS EXT.116", "TS_ONLY_NA": "BLUE HILLS", "TS_EXT": 116, "STATUS_DES": "SG_APPROVED", "LAND_TYPE_": "Erven", "PROPERTY_I": 4037524, "SHAPE_STAr": 0.0, "SHAPE_STLe": 0.0, "school_distance": 1060.8111085199066, "road_distance": 25.254547659740073, "shopping_distance": 983.87075723074156, "road_score_x": 100, "school_score_x": 60, "shopping_score_x": 80, "size_score_x": 100, "slope_x": 2.7720447, "slope_score_x": 100, "RDSI": 88.0, "Suitability": "High", "Developable": true, "road_score_y": 100, "school_score_y": 60, "shopping_score_y": 80, "size_score_y": 100, "slope_y": 2.7720447, "slope_score_y": 100, "road_score": 100, "school_score": 60, "shopping_score": 80, "size_score": 100, "slope": 2.7720447, "slope_score": 100, "Recommended_Use": "Individual Residential" }, "geometry": { "type": "Polygon", "coordinates": [ [ [ 28.096785143323942, -25.941328081589379 ], [ 28.096889617129559, -25.941751137646207 ], [ 28.096619728572328, -25.941805517656299 ], [ 28.0966001867824, -25.941726233975533 ], [ 28.096521639593089, -25.941742210646975 ], [ 28.096510931795716, -25.941699124030357 ], [ 28.0964515624526, -25.941460229894723 ], [ 28.096559565287716, -25.94137311233489 ], [ 28.096785143323942, -25.941328081589379 ] ] ] } },
{ "type": "Feature", "properties": { "SG_ID": "T0JR0543081000017300000000", "STAND_NO": "1730", "AREA_SQMT": 21766.0, "TOWN_NAME_": "BLUE HILLS EXT.81", "TS_ONLY_NA": "BLUE HILLS", "TS_EXT": 81, "STATUS_DES": "SG_APPROVED", "LAND_TYPE_": "Erven", "PROPERTY_I": 4029489, "SHAPE_STAr": 0.0, "SHAPE_STLe": 0.0, "school_distance": 717.2986192650576, "road_distance": 96.661813520076777, "shopping_distance": 782.63012962326002, "road_score_x": 100, "school_score_x": 80, "shopping_score_x": 80, "size_score_x": 100, "slope_x": 2.9648457, "slope_score_x": 100, "RDSI": 92.0, "Suitability": "High", "Developable": true, "road_score_y": 100, "school_score_y": 80, "shopping_score_y": 80, "size_score_y": 100, "slope_y": 2.9648457, "slope_score_y": 100, "road_score": 100, "school_score": 80, "shopping_score": 80, "size_score": 100, "slope": 2.9648457, "slope_score": 100, "Recommended_Use": "Residential Estate" }, "geometry": { "type": "Polygon", "coordinates": [ [ [ 28.098943015485261, -25.944726712730013 ], [ 28.098866628138953, -25.944742105582765 ], [ 28.098853760534606, -25.94476279579662 ], [ 28.098872741707456, -25.94483978950559 ], [ 28.09869161382893, -25.94487628847839 ], [ 28.098706055947698, -25.944934870669783 ], [ 28.098725543500343, -25.944930944205524 ], [ 28.098747456474591, -25.945019830552386 ], [ 28.098693282319729, -25.945066290103924 ], [ 28.097690393824614, -25.945268373780426 ], [ 28.097671236977835, -25.945190671527577 ], [ 28.09774558013558, -25.945175703893923 ], [ 28.097699774732366, -25.94498991235935 ], [ 28.097749464528018, -25.944979899049667 ], [ 28.097746011190193, -25.944965892013293 ], [ 28.097749124610218, -25.944896903913229 ], [ 28.097701007605622, -25.944883001208087 ], [ 28.097661739745668, -25.944723726137717 ], [ 28.097283279236805, -25.944799971558965 ], [ 28.097086525023965, -25.944001672898384 ], [ 28.098684881894215, -25.943679633454554 ], [ 28.098943015485261, -25.944726712730013 ] ] ] } },
{ "type": "Feature", "properties": { "SG_ID": "T0JR05430810000000000000RE", "STAND_NO": "RE/T0JR0543081", "AREA_SQMT": 25696.0, "TOWN_NAME_": "BLUE HILLS EXT.81", "TS_ONLY_NA": "BLUE HILLS", "TS_EXT": 81, "STATUS_DES": "REGISTERED", "LAND_TYPE_": "Erven", "PROPERTY_I": 4045339, "SHAPE_STAr": 0.0, "SHAPE_STLe": 0.0, "school_distance": 708.1591826408993, "road_distance": 92.106954310683946, "shopping_distance": 784.77603939310325, "road_score_x": 100, "school_score_x": 80, "shopping_score_x": 80, "size_score_x": 100, "slope_x": 2.9648457, "slope_score_x": 100, "RDSI": 92.0, "Suitability": "High", "Developable": true, "road_score_y": 100, "school_score_y": 80, "shopping_score_y": 80, "size_score_y": 100, "slope_y": 2.9648457, "slope_score_y": 100, "road_score": 100, "school_score": 80, "shopping_score": 80, "size_score": 100, "slope": 2.9648457, "slope_score": 100, "Recommended_Use": "Residential Estate" }, "geometry": { "type": "Polygon", "coordinates": [ [ [ 28.099020582753802, -25.94505469091262 ], [ 28.097426396654956, -25.945379260026407 ], [ 28.097082474795396, -25.943998649623978 ], [ 28.098684881883486, -25.943679633273323 ], [ 28.099020582753802, -25.94505469091262 ] ] ] } },
{ "type": "Feature", "properties": { "SG_ID": "T0JR0543019000006880000000", "STAND_NO": "688", "AREA_SQMT": 27642.0, "TOWN_NAME_": "BLUE HILLS EXT.19", "TS_ONLY_NA": "BLUE HILLS", "TS_EXT": 19, "STATUS_DES": "REGISTERED", "LAND_TYPE_": "Erven", "PROPERTY_I": 4003885, "SHAPE_STAr": 0.0, "SHAPE_STLe": 0.0, "school_distance": 619.40670118256685, "road_distance": 101.33652156426768, "shopping_distance": 407.39567402135498, "road_score_x": 80, "school_score_x": 80, "shopping_score_x": 100, "size_score_x": 100, "slope_x": 2.2606399, "slope_score_x": 100, "RDSI": 91.0, "Suitability": "High", "Developable": true, "road_score_y": 80, "school_score_y": 80, "shopping_score_y": 100, "size_score_y": 100, "slope_y": 2.2606399, "slope_score_y": 100, "road_score": 80, "school_score": 80, "shopping_score": 100, "size_score": 100, "slope": 2.2606399, "slope_score": 100, "Recommended_Use": "Residential Estate" }, "geometry": { "type": "Polygon", "coordinates": [ [ [ 28.103514138281284, -25.945868146906911 ], [ 28.10358231142083, -25.945885347146657 ], [ 28.103848902289421, -25.945886981995599 ], [ 28.104077328173759, -25.946010580690967 ], [ 28.104199853322491, -25.946076240951591 ], [ 28.102811469036588, -25.946067363743953 ], [ 28.10119465833829, -25.946115129923417 ], [ 28.101120055011506, -25.946112187258397 ], [ 28.100694343214315, -25.944434925761144 ], [ 28.100810426527392, -25.944411849695381 ], [ 28.103514138281284, -25.945868146906911 ] ] ] } },
{ "type": "Feature", "properties": { "SG_ID": "T0JR0587005000013210000000", "STAND_NO": "1321", "AREA_SQMT": 2008.0, "TOWN_NAME_": "SAGEWOOD EXT.5", "TS_ONLY_NA": "SAGEWOOD", "TS_EXT": 5, "STATUS_DES": "SG_APPROVED", "LAND_TYPE_": "Erven", "PROPERTY_I": 2008653, "SHAPE_STAr": 0.0, "SHAPE_STLe": 0.0, "school_distance": 908.83747921240922, "road_distance": 21.008199069333365, "shopping_distance": 176.40895623961515, "road_score_x": 100, "school_score_x": 80, "shopping_score_x": 100, "size_score_x": 100, "slope_x": 2.1214938, "slope_score_x": 100, "RDSI": 96.0, "Suitability": "High", "Developable": true, "road_score_y": 100, "school_score_y": 80, "shopping_score_y": 100, "size_score_y": 100, "slope_y": 2.1214938, "slope_score_y": 100, "road_score": 100, "school_score": 80, "shopping_score": 100, "size_score": 100, "slope": 2.1214938, "slope_score": 100, "Recommended_Use": "Individual Residential" }, "geometry": { "type": "Polygon", "coordinates": [ [ [ 28.110246272862106, -25.945890220422612 ], [ 28.110244941028053, -25.946067429387966 ], [ 28.109681674043284, -25.945935276347711 ], [ 28.109826119785705, -25.945689061571976 ], [ 28.110246272862106, -25.945890220422612 ] ] ] } },
{ "type": "Feature", "properties": { "SG_ID": "T0JR0587005000013220000000", "STAND_NO": "1322", "AREA_SQMT": 2316.0, "TOWN_NAME_": "SAGEWOOD EXT.5", "TS_ONLY_NA": "SAGEWOOD", "TS_EXT": 5, "STATUS_DES": "SG_APPROVED", "LAND_TYPE_": "Erven", "PROPERTY_I": 2008654, "SHAPE_STAr": 0.0, "SHAPE_STLe": 0.0, "school_distance": 882.88176030159889, "road_distance": 46.01241168849797, "shopping_distance": 183.32033734924963, "road_score_x": 100, "school_score_x": 80, "shopping_score_x": 100, "size_score_x": 100, "slope_x": 2.0620203, "slope_score_x": 100, "RDSI": 96.0, "Suitability": "High", "Developable": true, "road_score_y": 100, "school_score_y": 80, "shopping_score_y": 100, "size_score_y": 100, "slope_y": 2.0620203, "slope_score_y": 100, "road_score": 100, "school_score": 80, "shopping_score": 100, "size_score": 100, "slope": 2.0620203, "slope_score": 100, "Recommended_Use": "Individual Residential" }, "geometry": { "type": "Polygon", "coordinates": [ [ [ 28.110243618150385, -25.946243445005191 ], [ 28.109636535987452, -25.946247700899942 ], [ 28.109681674043284, -25.945935276347711 ], [ 28.110244941028053, -25.946067429387966 ], [ 28.110243618150385, -25.946243445005191 ] ] ] } },
{ "type": "Feature", "properties": { "SG_ID": "T0JR0587023000016610000000", "STAND_NO": "1661", "AREA_SQMT": 34353.0, "TOWN_NAME_": "SAGEWOOD EXT.23", "TS_ONLY_NA": "SAGEWOOD", "TS_EXT": 23, "STATUS_DES": "REGISTERED", "LAND_TYPE_": "Erven", "PROPERTY_I": 4026865, "SHAPE_STAr": 0.0, "SHAPE_STLe": 0.0, "school_distance": 227.87606840378746, "road_distance": 98.539263575027974, "shopping_distance": 718.59834296180611, "road_score_x": 100, "school_score_x": 100, "shopping_score_x": 80, "size_score_x": 100, "slope_x": 6.3273969, "slope_score_x": 80, "RDSI": 92.0, "Suitability": "High", "Developable": true, "road_score_y": 100, "school_score_y": 100, "shopping_score_y": 80, "size_score_y": 100, "slope_y": 6.3273969, "slope_score_y": 80, "road_score": 100, "school_score": 100, "shopping_score": 80, "size_score": 100, "slope": 6.3273969, "slope_score": 80, "Recommended_Use": "Residential Estate" }, "geometry": { "type": "Polygon", "coordinates": [ [ [ 28.103364349539397, -25.950323008186587 ], [ 28.102814941685914, -25.950573391678027 ], [ 28.102970911865921, -25.950502326350968 ], [ 28.103364349539397, -25.950323008186587 ], [ 28.103504031967486, -25.950289013755157 ], [ 28.103563747157072, -25.950282894380933 ], [ 28.103959527984152, -25.950290850508264 ], [ 28.103866568380226, -25.952815324815425 ], [ 28.10333447326795, -25.953074009744796 ], [ 28.103003920863042, -25.953106629199127 ], [ 28.103000156442707, -25.953106792008821 ], [ 28.102992308420461, -25.952931200099584 ], [ 28.102967144513496, -25.952368179979224 ], [ 28.102966925449451, -25.95236710542147 ], [ 28.102936580806702, -25.952233542015403 ], [ 28.102908099051884, -25.952108126608763 ], [ 28.102875288328928, -25.952030425342379 ], [ 28.10283359035634, -25.95193170498597 ], [ 28.102824688451818, -25.951910629604953 ], [ 28.102822994983669, -25.951906620307966 ], [ 28.10282249242416, -25.951905430495025 ], [ 28.102820830962735, -25.951901496935729 ], [ 28.102820323408711, -25.951900295299598 ], [ 28.102818654558124, -25.951896344290127 ], [ 28.102803309234368, -25.951860014105634 ], [ 28.102794895463376, -25.951846966315905 ], [ 28.102794223968438, -25.951845916722565 ], [ 28.102775504881222, -25.951816870992282 ], [ 28.102728462941734, -25.951743877618011 ], [ 28.10268713284999, -25.951679747167979 ], [ 28.102685776608951, -25.951677856698993 ], [ 28.102680893516869, -25.951671719107296 ], [ 28.102676844906448, -25.951666629881419 ], [ 28.102643460104481, -25.951624711303722 ], [ 28.102599280871043, -25.951569245579677 ], [ 28.102564233831927, -25.951525245029355 ], [ 28.102552999134829, -25.951511138683465 ], [ 28.102549356040996, -25.951506243931785 ], [ 28.102531532798665, -25.951483949991278 ], [ 28.102487884327378, -25.951429390519653 ], [ 28.102447720271417, -25.951365407584174 ], [ 28.102443709264804, -25.951359028354712 ], [ 28.102441333290756, -25.951355500234602 ], [ 28.102452876676882, -25.951145595538762 ], [ 28.102464816388419, -25.950928483164358 ], [ 28.102468209751315, -25.950866777891871 ], [ 28.102469525315037, -25.950842855497434 ], [ 28.102470236438876, -25.950829924151996 ], [ 28.102475458308813, -25.950734968921708 ], [ 28.102475496519606, -25.950734274102569 ], [ 28.102476133402831, -25.950722693158379 ], [ 28.102477197125797, -25.950703349995717 ], [ 28.102477881297972, -25.950690909058988 ], [ 28.10247795440695, -25.950689579601029 ], [ 28.102478007903997, -25.950688606596049 ], [ 28.102478809609831, -25.950688496809573 ], [ 28.10250171303489, -25.950685365874872 ], [ 28.102502426937914, -25.950685110662604 ], [ 28.102814399664041, -25.950572467403088 ], [ 28.103364349539397, -25.950323008186587 ] ] ] } },
{ "type": "Feature", "properties": { "SG_ID": "T0JR0543017000007950000000", "STAND_NO": "795", "AREA_SQMT": 18978.0, "TOWN_NAME_": "BLUE HILLS EXT.17", "TS_ONLY_NA": "BLUE HILLS", "TS_EXT": 17, "STATUS_DES": "SG_APPROVED", "LAND_TYPE_": "Erven", "PROPERTY_I": 2079329, "SHAPE_STAr": 0.0, "SHAPE_STLe": 0.0, "school_distance": 564.16999759855548, "road_distance": 96.043840245206013, "shopping_distance": 760.06462732014779, "road_score_x": 100, "school_score_x": 80, "shopping_score_x": 80, "size_score_x": 100, "slope_x": 5.8396897, "slope_score_x": 80, "RDSI": 88.0, "Suitability": "High", "Developable": true, "road_score_y": 100, "school_score_y": 80, "shopping_score_y": 80, "size_score_y": 100, "slope_y": 5.8396897, "slope_score_y": 80, "road_score": 100, "school_score": 80, "shopping_score": 80, "size_score": 100, "slope": 5.8396897, "slope_score": 80, "Recommended_Use": "Townhouse Development" }, "geometry": { "type": "Polygon", "coordinates": [ [ [ 28.098378173954451, -25.946276870354339 ], [ 28.097787702699389, -25.946400893889692 ], [ 28.097786097511001, -25.946401125099943 ], [ 28.097763222139005, -25.946313353712043 ], [ 28.097668038252635, -25.946332639229613 ], [ 28.097663605321472, -25.946333537427527 ], [ 28.097477369874685, -25.945584305692197 ], [ 28.097477751088579, -25.945581884462186 ], [ 28.097499923563763, -25.945441058724914 ], [ 28.099063930905224, -25.945125903666611 ], [ 28.099238961092773, -25.945851520873816 ], [ 28.099333263329424, -25.946242463178553 ], [ 28.098378173954451, -25.946276870354339 ] ] ] } },
{ "type": "Feature", "properties": { "SG_ID": "T0JR0016000000000600000000", "STAND_NO": "60", "AREA_SQMT": 8565.0, "TOWN_NAME_": "BLUE HILLS A.H.", "TS_ONLY_NA": "BLUE HILLS A.H.", "TS_EXT": 0, "STATUS_DES": "REGISTERED", "LAND_TYPE_": "Agricultural Holding", "PROPERTY_I": 1332472, "SHAPE_STAr": 0.0, "SHAPE_STLe": 0.0, "school_distance": 784.52660076512711, "road_distance": 58.559346822088386, "shopping_distance": 1495.9392924684753, "road_score_x": 100, "school_score_x": 80, "shopping_score_x": 60, "size_score_x": 100, "slope_x": 2.96486, "slope_score_x": 100, "RDSI": 88.0, "Suitability": "High", "Developable": true, "road_score_y": 100, "school_score_y": 80, "shopping_score_y": 60, "size_score_y": 100, "slope_y": 2.96486, "slope_score_y": 100, "road_score": 100, "school_score": 80, "shopping_score": 60, "size_score": 100, "slope": 2.96486, "slope_score": 100, "Recommended_Use": "Cluster Housing" }, "geometry": { "type": "Polygon", "coordinates": [ [ [ 28.092343235912136, -25.948766081758649 ], [ 28.092043358748409, -25.949581220029245 ], [ 28.091994285122709, -25.949566208636259 ], [ 28.091173675800906, -25.949315155555016 ], [ 28.091517141725181, -25.94850842539368 ], [ 28.092343235912136, -25.948766081758649 ] ] ] } },
{ "type": "Feature", "properties": { "SG_ID": "T0JR0016000000001000000000", "STAND_NO": "100", "AREA_SQMT": 28266.0, "TOWN_NAME_": "BLUE HILLS A.H.", "TS_ONLY_NA": "BLUE HILLS A.H.", "TS_EXT": 0, "STATUS_DES": "REGISTERED", "LAND_TYPE_": "Agricultural Holding", "PROPERTY_I": 1534499, "SHAPE_STAr": 0.0, "SHAPE_STLe": 0.0, "school_distance": 513.17083094962925, "road_distance": 125.49224167167475, "shopping_distance": 1396.393312724696, "road_score_x": 80, "school_score_x": 80, "shopping_score_x": 60, "size_score_x": 100, "slope_x": 5.9139447, "slope_score_x": 80, "RDSI": 79.0, "Suitability": "Medium", "Developable": true, "road_score_y": 80, "school_score_y": 80, "shopping_score_y": 60, "size_score_y": 100, "slope_y": 5.9139447, "slope_score_y": 80, "road_score": 80, "school_score": 80, "shopping_score": 60, "size_score": 100, "slope": 5.9139447, "slope_score": 80, "Recommended_Use": "Cluster Housing" }, "geometry": { "type": "Polygon", "coordinates": [ [ [ 28.095808122584518, -25.952541488145837 ], [ 28.095138866295493, -25.953431883696112 ], [ 28.093164275105536, -25.952220086284285 ], [ 28.093836298398301, -25.951335148114943 ], [ 28.094356315447797, -25.951653147603292 ], [ 28.094382591482191, -25.951669227960288 ], [ 28.094383768879037, -25.95166994907316 ], [ 28.095778588419332, -25.952524211334023 ], [ 28.095808122584518, -25.952541488145837 ] ] ] } }
]
}
